benchmark	target	held_out_group	session_id	participant_id	task	row_index	training_median	target_value	target_class	predicted_class	predicted_score
B0	task	grp-07	ses-20260312_grp-07_run01	P1	T1	1		T1	T1	T4	
B0	task	grp-07	ses-20260312_grp-07_run01	P1	T2	2		T2	T2	T2	
B0	task	grp-07	ses-20260312_grp-07_run01	P1	T3	3		T3	T3	T3	
B0	task	grp-07	ses-20260312_grp-07_run01	P1	T4	4		T4	T4	T4	
B0	task	grp-07	ses-20260312_grp-07_run01	P2	T1	6		T1	T1	T1	
B0	task	grp-07	ses-20260312_grp-07_run01	P2	T2	7		T2	T2	T3	
B0	task	grp-07	ses-20260312_grp-07_run01	P2	T3	8		T3	T3	T3	
B0	task	grp-07	ses-20260312_grp-07_run01	P2	T4	9		T4	T4	T3	
B0	task	grp-07	ses-20260312_grp-07_run01	P3	T1	11		T1	T1	T4	
B0	task	grp-07	ses-20260312_grp-07_run01	P3	T2	12		T2	T2	T2	
B0	task	grp-07	ses-20260312_grp-07_run01	P3	T3	13		T3	T3	T4	
B0	task	grp-07	ses-20260312_grp-07_run01	P3	T4	14		T4	T4	T4	
B0	task	grp-07	ses-20260312_grp-07_run01	P4	T1	16		T1	T1	T1	
B0	task	grp-07	ses-20260312_grp-07_run01	P4	T2	17		T2	T2	T2	
B0	task	grp-07	ses-20260312_grp-07_run01	P4	T3	18		T3	T3	T4	
B0	task	grp-07	ses-20260312_grp-07_run01	P4	T4	19		T4	T4	T4	
B0	task	grp-08	ses-20260313_grp-08_run01	P1	T1	21		T1	T1	T4	
B0	task	grp-08	ses-20260313_grp-08_run01	P1	T2	22		T2	T2	T2	
B0	task	grp-08	ses-20260313_grp-08_run01	P1	T3	23		T3	T3	T4	
B0	task	grp-08	ses-20260313_grp-08_run01	P1	T4	24		T4	T4	T4	
B0	task	grp-08	ses-20260313_grp-08_run01	P2	T1	26		T1	T1	T1	
B0	task	grp-08	ses-20260313_grp-08_run01	P2	T2	27		T2	T2	T2	
B0	task	grp-08	ses-20260313_grp-08_run01	P2	T3	28		T3	T3	T1	
B0	task	grp-08	ses-20260313_grp-08_run01	P2	T4	29		T4	T4	T1	
B0	task	grp-08	ses-20260313_grp-08_run01	P3	T1	31		T1	T1	T3	
B0	task	grp-08	ses-20260313_grp-08_run01	P3	T2	32		T2	T2	T3	
B0	task	grp-08	ses-20260313_grp-08_run01	P3	T3	33		T3	T3	T3	
B0	task	grp-08	ses-20260313_grp-08_run01	P3	T4	34		T4	T4	T3	
B0	task	grp-08	ses-20260313_grp-08_run01	P4	T1	36		T1	T1	T4	
B0	task	grp-08	ses-20260313_grp-08_run01	P4	T2	37		T2	T2	T2	
B0	task	grp-08	ses-20260313_grp-08_run01	P4	T3	38		T3	T3	T4	
B0	task	grp-08	ses-20260313_grp-08_run01	P4	T4	39		T4	T4	T4	
B0	task	grp-08	ses-20260316_grp-08_run01	P1	T1	40		T1	T1	T2	
B0	task	grp-08	ses-20260316_grp-08_run01	P1	T2	41		T2	T2	T2	
B0	task	grp-08	ses-20260316_grp-08_run01	P1	T3	42		T3	T3	T2	
B0	task	grp-08	ses-20260316_grp-08_run01	P1	T4	43		T4	T4	T2	
B0	task	grp-08	ses-20260316_grp-08_run01	P2	T1	44		T1	T1	T2	
B0	task	grp-08	ses-20260316_grp-08_run01	P2	T2	45		T2	T2	T2	
B0	task	grp-08	ses-20260316_grp-08_run01	P2	T3	46		T3	T3	T2	
B0	task	grp-08	ses-20260316_grp-08_run01	P2	T4	47		T4	T4	T2	
B0	task	grp-08	ses-20260316_grp-08_run01	P3	T1	48		T1	T1	T1	
B0	task	grp-08	ses-20260316_grp-08_run01	P3	T2	49		T2	T2	T2	
B0	task	grp-08	ses-20260316_grp-08_run01	P3	T3	50		T3	T3	T2	
B0	task	grp-08	ses-20260316_grp-08_run01	P3	T4	51		T4	T4	T2	
B0	task	grp-08	ses-20260316_grp-08_run01	P4	T1	52		T1	T1	T2	
B0	task	grp-08	ses-20260316_grp-08_run01	P4	T2	53		T2	T2	T2	
B0	task	grp-08	ses-20260316_grp-08_run01	P4	T3	54		T3	T3	T2	
B0	task	grp-08	ses-20260316_grp-08_run01	P4	T4	55		T4	T4	T2	
B0	task	grp-09	ses-20260317_grp-09_run01	P1	T1	57		T1	T1	T1	
B0	task	grp-09	ses-20260317_grp-09_run01	P1	T2	58		T2	T2	T3	
B0	task	grp-09	ses-20260317_grp-09_run01	P1	T3	59		T3	T3	T3	
B0	task	grp-09	ses-20260317_grp-09_run01	P1	T4	60		T4	T4	T1	
B0	task	grp-09	ses-20260317_grp-09_run01	P2	T1	62		T1	T1	T2	
B0	task	grp-09	ses-20260317_grp-09_run01	P2	T2	63		T2	T2	T1	
B0	task	grp-09	ses-20260317_grp-09_run01	P2	T3	64		T3	T3	T1	
B0	task	grp-09	ses-20260317_grp-09_run01	P2	T4	65		T4	T4	T4	
B0	task	grp-09	ses-20260317_grp-09_run01	P3	T1	67		T1	T1	T2	
B0	task	grp-09	ses-20260317_grp-09_run01	P3	T2	68		T2	T2	T2	
B0	task	grp-09	ses-20260317_grp-09_run01	P3	T3	69		T3	T3	T2	
B0	task	grp-09	ses-20260317_grp-09_run01	P3	T4	70		T4	T4	T4	
B0	task	grp-09	ses-20260317_grp-09_run01	P4	T1	72		T1	T1	T2	
B0	task	grp-09	ses-20260317_grp-09_run01	P4	T2	73		T2	T2	T3	
B0	task	grp-09	ses-20260317_grp-09_run01	P4	T3	74		T3	T3	T3	
B0	task	grp-09	ses-20260317_grp-09_run01	P4	T4	75		T4	T4	T3	
B0	task	grp-10	ses-20260317_grp-10_run01	P1	T1	77		T1	T1	T3	
B0	task	grp-10	ses-20260317_grp-10_run01	P1	T2	78		T2	T2	T3	
B0	task	grp-10	ses-20260317_grp-10_run01	P1	T3	79		T3	T3	T4	
B0	task	grp-10	ses-20260317_grp-10_run01	P1	T4	80		T4	T4	T4	
B0	task	grp-10	ses-20260317_grp-10_run01	P2	T1	82		T1	T1	T1	
B0	task	grp-10	ses-20260317_grp-10_run01	P2	T2	83		T2	T2	T3	
B0	task	grp-10	ses-20260317_grp-10_run01	P2	T3	84		T3	T3	T3	
B0	task	grp-10	ses-20260317_grp-10_run01	P2	T4	85		T4	T4	T4	
B0	task	grp-10	ses-20260317_grp-10_run01	P3	T1	87		T1	T1	T1	
B0	task	grp-10	ses-20260317_grp-10_run01	P3	T2	88		T2	T2	T2	
B0	task	grp-10	ses-20260317_grp-10_run01	P3	T3	89		T3	T3	T4	
B0	task	grp-10	ses-20260317_grp-10_run01	P3	T4	90		T4	T4	T4	
B0	task	grp-10	ses-20260317_grp-10_run01	P4	T1	92		T1	T1	T1	
B0	task	grp-10	ses-20260317_grp-10_run01	P4	T2	93		T2	T2	T2	
B0	task	grp-10	ses-20260317_grp-10_run01	P4	T3	94		T3	T3	T2	
B0	task	grp-10	ses-20260317_grp-10_run01	P4	T4	95		T4	T4	T4	
B0	task	grp-11	ses-20260318_grp-11_run01	P1	T1	97		T1	T1	T3	
B0	task	grp-11	ses-20260318_grp-11_run01	P1	T2	98		T2	T2	T3	
B0	task	grp-11	ses-20260318_grp-11_run01	P1	T3	99		T3	T3	T2	
B0	task	grp-11	ses-20260318_grp-11_run01	P1	T4	100		T4	T4	T4	
B0	task	grp-11	ses-20260318_grp-11_run01	P2	T1	102		T1	T1	T4	
B0	task	grp-11	ses-20260318_grp-11_run01	P2	T2	103		T2	T2	T3	
B0	task	grp-11	ses-20260318_grp-11_run01	P2	T3	104		T3	T3	T2	
B0	task	grp-11	ses-20260318_grp-11_run01	P2	T4	105		T4	T4	T4	
B0	task	grp-11	ses-20260318_grp-11_run01	P3	T1	107		T1	T1	T4	
B0	task	grp-11	ses-20260318_grp-11_run01	P3	T2	108		T2	T2	T4	
B0	task	grp-11	ses-20260318_grp-11_run01	P3	T3	109		T3	T3	T2	
B0	task	grp-11	ses-20260318_grp-11_run01	P3	T4	110		T4	T4	T4	
B0	task	grp-11	ses-20260318_grp-11_run01	P4	T1	112		T1	T1	T4	
B0	task	grp-11	ses-20260318_grp-11_run01	P4	T2	113		T2	T2	T3	
B0	task	grp-11	ses-20260318_grp-11_run01	P4	T3	114		T3	T3	T2	
B0	task	grp-11	ses-20260318_grp-11_run01	P4	T4	115		T4	T4	T4	
B0	task	grp-12	ses-20260318_grp-12_run01	P1	T1	117		T1	T1	T1	
B0	task	grp-12	ses-20260318_grp-12_run01	P1	T2	118		T2	T2	T2	
B0	task	grp-12	ses-20260318_grp-12_run01	P1	T3	119		T3	T3	T1	
B0	task	grp-12	ses-20260318_grp-12_run01	P1	T4	120		T4	T4	T4	
B0	task	grp-12	ses-20260318_grp-12_run01	P2	T1	122		T1	T1	T1	
B0	task	grp-12	ses-20260318_grp-12_run01	P2	T2	123		T2	T2	T2	
B0	task	grp-12	ses-20260318_grp-12_run01	P2	T3	124		T3	T3	T3	
B0	task	grp-12	ses-20260318_grp-12_run01	P2	T4	125		T4	T4	T1	
B0	task	grp-12	ses-20260318_grp-12_run01	P3	T1	127		T1	T1	T3	
B0	task	grp-12	ses-20260318_grp-12_run01	P3	T2	128		T2	T2	T2	
B0	task	grp-12	ses-20260318_grp-12_run01	P3	T3	129		T3	T3	T2	
B0	task	grp-12	ses-20260318_grp-12_run01	P3	T4	130		T4	T4	T4	
B0	task	grp-12	ses-20260318_grp-12_run01	P4	T1	132		T1	T1	T3	
B0	task	grp-12	ses-20260318_grp-12_run01	P4	T2	133		T2	T2	T2	
B0	task	grp-12	ses-20260318_grp-12_run01	P4	T3	134		T3	T3	T2	
B0	task	grp-12	ses-20260318_grp-12_run01	P4	T4	135		T4	T4	T4	
B0	task	grp-13	ses-20260318_grp-13_run01	P1	T1	137		T1	T1	T1	
B0	task	grp-13	ses-20260318_grp-13_run01	P1	T2	138		T2	T2	T2	
B0	task	grp-13	ses-20260318_grp-13_run01	P1	T3	139		T3	T3	T1	
B0	task	grp-13	ses-20260318_grp-13_run01	P1	T4	140		T4	T4	T2	
B0	task	grp-13	ses-20260318_grp-13_run01	P2	T1	142		T1	T1	T1	
B0	task	grp-13	ses-20260318_grp-13_run01	P2	T2	143		T2	T2	T2	
B0	task	grp-13	ses-20260318_grp-13_run01	P2	T3	144		T3	T3	T2	
B0	task	grp-13	ses-20260318_grp-13_run01	P2	T4	145		T4	T4	T1	
B0	task	grp-13	ses-20260318_grp-13_run01	P3	T1	147		T1	T1	T1	
B0	task	grp-13	ses-20260318_grp-13_run01	P3	T2	148		T2	T2	T3	
B0	task	grp-13	ses-20260318_grp-13_run01	P3	T3	149		T3	T3	T2	
B0	task	grp-13	ses-20260318_grp-13_run01	P3	T4	150		T4	T4	T2	
B0	task	grp-13	ses-20260318_grp-13_run01	P4	T1	152		T1	T1	T1	
B0	task	grp-13	ses-20260318_grp-13_run01	P4	T2	153		T2	T2	T3	
B0	task	grp-13	ses-20260318_grp-13_run01	P4	T3	154		T3	T3	T2	
B0	task	grp-13	ses-20260318_grp-13_run01	P4	T4	155		T4	T4	T2	
B0	task	grp-14	ses-20260319_grp-14_run01	P1	T1	157		T1	T1	T1	
B0	task	grp-14	ses-20260319_grp-14_run01	P1	T2	158		T2	T2	T1	
B0	task	grp-14	ses-20260319_grp-14_run01	P1	T3	159		T3	T3	T1	
B0	task	grp-14	ses-20260319_grp-14_run01	P1	T4	160		T4	T4	T1	
B0	task	grp-14	ses-20260319_grp-14_run01	P2	T1	162		T1	T1	T1	
B0	task	grp-14	ses-20260319_grp-14_run01	P2	T2	163		T2	T2	T1	
B0	task	grp-14	ses-20260319_grp-14_run01	P2	T3	164		T3	T3	T1	
B0	task	grp-14	ses-20260319_grp-14_run01	P2	T4	165		T4	T4	T1	
B0	task	grp-14	ses-20260319_grp-14_run01	P3	T1	167		T1	T1	T1	
B0	task	grp-14	ses-20260319_grp-14_run01	P3	T2	168		T2	T2	T3	
B0	task	grp-14	ses-20260319_grp-14_run01	P3	T3	169		T3	T3	T3	
B0	task	grp-14	ses-20260319_grp-14_run01	P3	T4	170		T4	T4	T4	
B0	task	grp-14	ses-20260319_grp-14_run01	P4	T1	172		T1	T1	T3	
B0	task	grp-14	ses-20260319_grp-14_run01	P4	T2	173		T2	T2	T3	
B0	task	grp-14	ses-20260319_grp-14_run01	P4	T3	174		T3	T3	T1	
B0	task	grp-14	ses-20260319_grp-14_run01	P4	T4	175		T4	T4	T4	
B0	task	grp-15	ses-20260319_grp-15_run01	P1	T1	177		T1	T1	T4	
B0	task	grp-15	ses-20260319_grp-15_run01	P1	T2	178		T2	T2	T2	
B0	task	grp-15	ses-20260319_grp-15_run01	P1	T3	179		T3	T3	T4	
B0	task	grp-15	ses-20260319_grp-15_run01	P1	T4	180		T4	T4	T4	
B0	task	grp-15	ses-20260319_grp-15_run01	P2	T1	182		T1	T1	T1	
B0	task	grp-15	ses-20260319_grp-15_run01	P2	T2	183		T2	T2	T2	
B0	task	grp-15	ses-20260319_grp-15_run01	P2	T3	184		T3	T3	T1	
B0	task	grp-15	ses-20260319_grp-15_run01	P2	T4	185		T4	T4	T1	
B0	task	grp-15	ses-20260319_grp-15_run01	P3	T1	187		T1	T1	T4	
B0	task	grp-15	ses-20260319_grp-15_run01	P3	T2	188		T2	T2	T2	
B0	task	grp-15	ses-20260319_grp-15_run01	P3	T3	189		T3	T3	T4	
B0	task	grp-15	ses-20260319_grp-15_run01	P3	T4	190		T4	T4	T4	
B0	task	grp-15	ses-20260319_grp-15_run01	P4	T1	192		T1	T1	T1	
B0	task	grp-15	ses-20260319_grp-15_run01	P4	T2	193		T2	T2	T2	
B0	task	grp-15	ses-20260319_grp-15_run01	P4	T3	194		T3	T3	T4	
B0	task	grp-15	ses-20260319_grp-15_run01	P4	T4	195		T4	T4	T2	
B0	task	grp-16	ses-20260320_grp-16_run01	P1	T1	197		T1	T1	T1	
B0	task	grp-16	ses-20260320_grp-16_run01	P1	T2	198		T2	T2	T1	
B0	task	grp-16	ses-20260320_grp-16_run01	P1	T3	199		T3	T3	T3	
B0	task	grp-16	ses-20260320_grp-16_run01	P1	T4	200		T4	T4	T3	
B0	task	grp-16	ses-20260320_grp-16_run01	P2	T1	202		T1	T1	T1	
B0	task	grp-16	ses-20260320_grp-16_run01	P2	T2	203		T2	T2	T1	
B0	task	grp-16	ses-20260320_grp-16_run01	P2	T3	204		T3	T3	T3	
B0	task	grp-16	ses-20260320_grp-16_run01	P2	T4	205		T4	T4	T1	
B0	task	grp-16	ses-20260320_grp-16_run01	P3	T1	207		T1	T1	T4	
B0	task	grp-16	ses-20260320_grp-16_run01	P3	T2	208		T2	T2	T4	
B0	task	grp-16	ses-20260320_grp-16_run01	P3	T3	209		T3	T3	T4	
B0	task	grp-16	ses-20260320_grp-16_run01	P3	T4	210		T4	T4	T4	
B0	task	grp-16	ses-20260320_grp-16_run01	P4	T1	212		T1	T1	T3	
B0	task	grp-16	ses-20260320_grp-16_run01	P4	T2	213		T2	T2	T3	
B0	task	grp-16	ses-20260320_grp-16_run01	P4	T3	214		T3	T3	T4	
B0	task	grp-16	ses-20260320_grp-16_run01	P4	T4	215		T4	T4	T4	
B1a	vad_valence	grp-07	ses-20260312_grp-07_run01	P1	T1	1	7.0	8.5	1	1	0.7884196924434586
B1a	vad_valence	grp-07	ses-20260312_grp-07_run01	P1	T2	2	7.0	8.0	1	1	0.8617972764167837
B1a	vad_valence	grp-07	ses-20260312_grp-07_run01	P1	T3	3	7.0	7.0	1	0	0.1797010967865844
B1a	vad_valence	grp-07	ses-20260312_grp-07_run01	P1	T4	4	7.0	7.0	1	1	0.5594459539765978
B1a	vad_valence	grp-07	ses-20260312_grp-07_run01	P2	T1	6	7.0	8.0	1	0	0.033196454315298204
B1a	vad_valence	grp-07	ses-20260312_grp-07_run01	P2	T2	7	7.0	9.0	1	0	0.2876910563740602
B1a	vad_valence	grp-07	ses-20260312_grp-07_run01	P2	T3	8	7.0	8.0	1	0	0.10178060293321392
B1a	vad_valence	grp-07	ses-20260312_grp-07_run01	P2	T4	9	7.0	9.0	1	0	0.17941023156070296
B1a	vad_valence	grp-07	ses-20260312_grp-07_run01	P3	T1	11	7.0	6.0	0	1	0.7540654183499066
B1a	vad_valence	grp-07	ses-20260312_grp-07_run01	P3	T2	12	7.0	4.333333333333333	0	1	0.5543876752029424
B1a	vad_valence	grp-07	ses-20260312_grp-07_run01	P3	T3	13	7.0	8.0	1	1	0.7588218424328905
B1a	vad_valence	grp-07	ses-20260312_grp-07_run01	P3	T4	14	7.0	7.0	1	1	0.6525685661233663
B1a	vad_valence	grp-07	ses-20260312_grp-07_run01	P4	T1	16	7.0	8.0	1	1	0.5286192186111998
B1a	vad_valence	grp-07	ses-20260312_grp-07_run01	P4	T2	17	7.0	8.0	1	1	0.5100781442969814
B1a	vad_valence	grp-07	ses-20260312_grp-07_run01	P4	T3	18	7.0	9.0	1	1	0.7136278246230398
B1a	vad_valence	grp-08	ses-20260313_grp-08_run01	P1	T1	21	7.0	6.514285714285714	0	0	0.45575230030512087
B1a	vad_valence	grp-08	ses-20260313_grp-08_run01	P1	T2	22	7.0	5.694444444444445	0	1	0.6694968058711641
B1a	vad_valence	grp-08	ses-20260313_grp-08_run01	P1	T3	23	7.0	6.896551724137931	0	1	0.6972541089966834
B1a	vad_valence	grp-08	ses-20260313_grp-08_run01	P1	T4	24	7.0	6.909090909090909	0	1	0.728253938705148
B1a	vad_valence	grp-08	ses-20260313_grp-08_run01	P2	T1	26	7.0	6.447368421052632	0	1	0.7135929692892267
B1a	vad_valence	grp-08	ses-20260313_grp-08_run01	P2	T2	27	7.0	5.896551724137931	0	1	0.5604653343071054
B1a	vad_valence	grp-08	ses-20260313_grp-08_run01	P2	T3	28	7.0	7.333333333333333	1	1	0.8644544885630498
B1a	vad_valence	grp-08	ses-20260313_grp-08_run01	P2	T4	29	7.0	7.105263157894737	1	1	0.5673044633963394
B1a	vad_valence	grp-08	ses-20260313_grp-08_run01	P3	T1	31	7.0	6.617647058823529	0	0	0.11807227785836202
B1a	vad_valence	grp-08	ses-20260313_grp-08_run01	P3	T2	32	7.0	5.766666666666667	0	0	0.39816272872237035
B1a	vad_valence	grp-08	ses-20260313_grp-08_run01	P3	T3	33	7.0	7.0	1	0	0.4715087196916208
B1a	vad_valence	grp-08	ses-20260313_grp-08_run01	P3	T4	34	7.0	6.285714285714286	0	1	0.672181928863826
B1a	vad_valence	grp-08	ses-20260313_grp-08_run01	P4	T1	36	7.0	7.0	1	1	0.8127210611809539
B1a	vad_valence	grp-08	ses-20260313_grp-08_run01	P4	T2	37	7.0	6.681818181818182	0	0	0.4758294781327774
B1a	vad_valence	grp-08	ses-20260313_grp-08_run01	P4	T3	38	7.0	7.619047619047619	1	1	0.7082855385519661
B1a	vad_valence	grp-08	ses-20260313_grp-08_run01	P4	T4	39	7.0	6.944444444444445	0	1	0.8161399874951277
B1a	vad_valence	grp-09	ses-20260317_grp-09_run01	P1	T2	58	7.0	4.333333333333333	0	1	0.60331467075294
B1a	vad_valence	grp-09	ses-20260317_grp-09_run01	P1	T3	59	7.0	5.666666666666667	0	1	0.7239988794510916
B1a	vad_valence	grp-09	ses-20260317_grp-09_run01	P1	T4	60	7.0	7.5	1	1	0.7544057073549155
B1a	vad_valence	grp-09	ses-20260317_grp-09_run01	P2	T2	63	7.0	4.0	0	0	0.47883228655883076
B1a	vad_valence	grp-09	ses-20260317_grp-09_run01	P2	T3	64	7.0	7.0	1	0	0.4271783292721991
B1a	vad_valence	grp-09	ses-20260317_grp-09_run01	P2	T4	65	7.0	9.0	1	0	0.38158935341597094
B1a	vad_valence	grp-09	ses-20260317_grp-09_run01	P3	T2	68	7.0	3.0	0	0	0.26619633692366107
B1a	vad_valence	grp-09	ses-20260317_grp-09_run01	P3	T3	69	7.0	8.0	1	1	0.5534574717180918
B1a	vad_valence	grp-09	ses-20260317_grp-09_run01	P3	T4	70	7.0	7.0	1	1	0.7533591933450423
B1a	vad_valence	grp-09	ses-20260317_grp-09_run01	P4	T2	73	7.0	7.0	1	1	0.6702234621992019
B1a	vad_valence	grp-09	ses-20260317_grp-09_run01	P4	T3	74	7.0	8.0	1	1	0.5454355577504203
B1a	vad_valence	grp-09	ses-20260317_grp-09_run01	P4	T4	75	7.0	8.0	1	1	0.8334575697454094
B1a	vad_valence	grp-10	ses-20260317_grp-10_run01	P1	T1	77	7.0	5.666666666666667	0	1	0.6966648162951137
B1a	vad_valence	grp-10	ses-20260317_grp-10_run01	P1	T2	78	7.0	3.0	0	1	0.5574425561432521
B1a	vad_valence	grp-10	ses-20260317_grp-10_run01	P1	T3	79	7.0	9.0	1	1	0.6002137260691757
B1a	vad_valence	grp-10	ses-20260317_grp-10_run01	P1	T4	80	7.0	9.0	1	1	0.7441346540956856
B1a	vad_valence	grp-10	ses-20260317_grp-10_run01	P2	T1	82	7.0	7.666666666666667	1	0	0.4651032525320402
B1a	vad_valence	grp-10	ses-20260317_grp-10_run01	P2	T2	83	7.0	5.666666666666667	0	0	0.4365442840628597
B1a	vad_valence	grp-10	ses-20260317_grp-10_run01	P2	T3	84	7.0	7.0	1	1	0.6859353978775756
B1a	vad_valence	grp-10	ses-20260317_grp-10_run01	P2	T4	85	7.0	8.0	1	1	0.7643942458487794
B1a	vad_valence	grp-10	ses-20260317_grp-10_run01	P3	T1	87	7.0	7.0	1	1	0.8561449688959819
B1a	vad_valence	grp-10	ses-20260317_grp-10_run01	P3	T2	88	7.0	6.666666666666667	0	1	0.601642526714182
B1a	vad_valence	grp-10	ses-20260317_grp-10_run01	P3	T3	89	7.0	8.0	1	1	0.644939985434644
B1a	vad_valence	grp-10	ses-20260317_grp-10_run01	P3	T4	90	7.0	8.0	1	1	0.6342463789636569
B1a	vad_valence	grp-10	ses-20260317_grp-10_run01	P4	T1	92	7.0	7.666666666666667	1	1	0.6131635478926403
B1a	vad_valence	grp-10	ses-20260317_grp-10_run01	P4	T2	93	7.0	7.666666666666667	1	0	0.39508842203544836
B1a	vad_valence	grp-10	ses-20260317_grp-10_run01	P4	T3	94	7.0	9.0	1	0	0.47043149697901054
B1a	vad_valence	grp-10	ses-20260317_grp-10_run01	P4	T4	95	7.0	9.0	1	1	0.7435065071425399
B1a	vad_valence	grp-11	ses-20260318_grp-11_run01	P1	T4	100	7.0	6.5	0	1	0.9614520268797687
B1a	vad_valence	grp-11	ses-20260318_grp-11_run01	P2	T1	102	7.0	5.5	0	1	0.5593510525623853
B1a	vad_valence	grp-11	ses-20260318_grp-11_run01	P2	T2	103	7.0	2.333333333333333	0	0	0.47910421648608564
B1a	vad_valence	grp-11	ses-20260318_grp-11_run01	P2	T3	104	7.0	7.0	1	0	0.19348583081383364
B1a	vad_valence	grp-11	ses-20260318_grp-11_run01	P2	T4	105	7.0	8.0	1	1	0.8208641653901642
B1a	vad_valence	grp-11	ses-20260318_grp-11_run01	P3	T1	107	7.0	5.5	0	1	0.5827196227698088
B1a	vad_valence	grp-11	ses-20260318_grp-11_run01	P3	T2	108	7.0	5.666666666666667	0	1	0.5005978965010696
B1a	vad_valence	grp-11	ses-20260318_grp-11_run01	P3	T3	109	7.0	5.0	0	0	0.188784842035392
B1a	vad_valence	grp-11	ses-20260318_grp-11_run01	P3	T4	110	7.0	4.5	0	1	0.878134529791929
B1a	vad_valence	grp-11	ses-20260318_grp-11_run01	P4	T1	112	7.0	8.0	1	1	0.7663954789143674
B1a	vad_valence	grp-11	ses-20260318_grp-11_run01	P4	T2	113	7.0	6.666666666666667	0	1	0.686100699876875
B1a	vad_valence	grp-11	ses-20260318_grp-11_run01	P4	T3	114	7.0	7.0	1	0	0.4205544870512963
B1a	vad_valence	grp-11	ses-20260318_grp-11_run01	P4	T4	115	7.0	7.0	1	1	0.8909052763069543
B1a	vad_valence	grp-12	ses-20260318_grp-12_run01	P1	T1	117	7.0	5.666666666666667	0	1	0.5404275071751491
B1a	vad_valence	grp-12	ses-20260318_grp-12_run01	P1	T2	118	7.0	6.0	0	0	0.21358381859874262
B1a	vad_valence	grp-12	ses-20260318_grp-12_run01	P1	T3	119	7.0	6.333333333333333	0	0	0.449310695806303
B1a	vad_valence	grp-12	ses-20260318_grp-12_run01	P1	T4	120	7.0	3.0	0	1	0.839514184132766
B1a	vad_valence	grp-12	ses-20260318_grp-12_run01	P2	T1	122	7.0	8.0	1	1	0.5964232180198945
B1a	vad_valence	grp-12	ses-20260318_grp-12_run01	P2	T3	124	7.0	6.0	0	1	0.5244005186432897
B1a	vad_valence	grp-12	ses-20260318_grp-12_run01	P2	T4	125	7.0	4.0	0	1	0.6187392905604302
B1a	vad_valence	grp-12	ses-20260318_grp-12_run01	P3	T1	127	7.0	7.0	1	1	0.7077508003141154
B1a	vad_valence	grp-12	ses-20260318_grp-12_run01	P3	T2	128	7.0	5.0	0	0	0.37098270203510114
B1a	vad_valence	grp-12	ses-20260318_grp-12_run01	P3	T3	129	7.0	8.0	1	1	0.6932196254949686
B1a	vad_valence	grp-12	ses-20260318_grp-12_run01	P3	T4	130	7.0	6.5	0	1	0.9308160620863848
B1a	vad_valence	grp-12	ses-20260318_grp-12_run01	P4	T1	132	7.0	6.0	0	1	0.7016827625889271
B1a	vad_valence	grp-12	ses-20260318_grp-12_run01	P4	T3	134	7.0	7.333333333333333	1	0	0.4277792481072983
B1a	vad_valence	grp-12	ses-20260318_grp-12_run01	P4	T4	135	7.0	7.0	1	1	0.878698815502515
B1a	vad_valence	grp-13	ses-20260318_grp-13_run01	P1	T2	138	7.0	4.333333333333333	0	0	0.11091498967058337
B1a	vad_valence	grp-13	ses-20260318_grp-13_run01	P1	T3	139	7.0	5.333333333333333	0	0	0.30807272490004733
B1a	vad_valence	grp-13	ses-20260318_grp-13_run01	P1	T4	140	7.0	7.0	1	0	0.3049670486218082
B1a	vad_valence	grp-13	ses-20260318_grp-13_run01	P2	T1	142	7.0	7.0	1	0	0.23829207582217485
B1a	vad_valence	grp-13	ses-20260318_grp-13_run01	P2	T2	143	7.0	6.0	0	0	0.2697333410203171
B1a	vad_valence	grp-13	ses-20260318_grp-13_run01	P2	T3	144	7.0	7.333333333333333	1	1	0.6318674282572027
B1a	vad_valence	grp-13	ses-20260318_grp-13_run01	P2	T4	145	7.0	5.0	0	1	0.5533837412377712
B1a	vad_valence	grp-13	ses-20260318_grp-13_run01	P3	T1	147	7.0	6.5	0	1	0.7992346600962459
B1a	vad_valence	grp-13	ses-20260318_grp-13_run01	P3	T2	148	7.0	6.666666666666667	0	1	0.8916248431144579
B1a	vad_valence	grp-13	ses-20260318_grp-13_run01	P3	T3	149	7.0	7.0	1	1	0.8606922073777847
B1a	vad_valence	grp-13	ses-20260318_grp-13_run01	P3	T4	150	7.0	7.0	1	1	0.8731406657838553
B1a	vad_valence	grp-13	ses-20260318_grp-13_run01	P4	T1	152	7.0	7.0	1	0	0.3920880902747167
B1a	vad_valence	grp-13	ses-20260318_grp-13_run01	P4	T2	153	7.0	1.5	0	0	0.1338765566289785
B1a	vad_valence	grp-13	ses-20260318_grp-13_run01	P4	T3	154	7.0	7.0	1	0	0.4576539626718261
B1a	vad_valence	grp-14	ses-20260319_grp-14_run01	P1	T1	157	7.0	6.0	0	1	0.6334023117536558
B1a	vad_valence	grp-14	ses-20260319_grp-14_run01	P1	T2	158	7.0	6.0	0	1	0.7067949255763711
B1a	vad_valence	grp-14	ses-20260319_grp-14_run01	P1	T3	159	7.0	7.333333333333333	1	1	0.7673947659055537
B1a	vad_valence	grp-14	ses-20260319_grp-14_run01	P1	T4	160	7.0	6.0	0	1	0.8768175857910069
B1a	vad_valence	grp-14	ses-20260319_grp-14_run01	P2	T1	162	7.0	8.0	1	0	0.47255113599376636
B1a	vad_valence	grp-14	ses-20260319_grp-14_run01	P2	T2	163	7.0	6.0	0	0	0.38517326584650463
B1a	vad_valence	grp-14	ses-20260319_grp-14_run01	P2	T3	164	7.0	8.0	1	1	0.6633324454198473
B1a	vad_valence	grp-14	ses-20260319_grp-14_run01	P3	T1	167	7.0	7.0	1	1	0.6057541406722077
B1a	vad_valence	grp-14	ses-20260319_grp-14_run01	P3	T2	168	7.0	7.0	1	1	0.7246626851763763
B1a	vad_valence	grp-14	ses-20260319_grp-14_run01	P3	T3	169	7.0	8.0	1	1	0.7135000468326644
B1a	vad_valence	grp-14	ses-20260319_grp-14_run01	P3	T4	170	7.0	7.5	1	1	0.7291293712658424
B1a	vad_valence	grp-14	ses-20260319_grp-14_run01	P4	T1	172	7.0	7.0	1	1	0.7774751865728723
B1a	vad_valence	grp-14	ses-20260319_grp-14_run01	P4	T2	173	7.0	7.0	1	1	0.8255334371346861
B1a	vad_valence	grp-14	ses-20260319_grp-14_run01	P4	T3	174	7.0	8.0	1	1	0.8326997542284428
B1a	vad_valence	grp-14	ses-20260319_grp-14_run01	P4	T4	175	7.0	7.0	1	1	0.9103380354962028
B1a	vad_valence	grp-15	ses-20260319_grp-15_run01	P1	T1	177	7.0	6.0	0	1	0.5898161248614926
B1a	vad_valence	grp-15	ses-20260319_grp-15_run01	P1	T2	178	7.0	5.333333333333333	0	1	0.6742256846095087
B1a	vad_valence	grp-15	ses-20260319_grp-15_run01	P1	T3	179	7.0	7.0	1	1	0.7879468794293283
B1a	vad_valence	grp-15	ses-20260319_grp-15_run01	P1	T4	180	7.0	9.0	1	1	0.8984894475027496
B1a	vad_valence	grp-15	ses-20260319_grp-15_run01	P2	T1	182	7.0	8.0	1	0	0.2387003157691431
B1a	vad_valence	grp-15	ses-20260319_grp-15_run01	P2	T2	183	7.0	7.5	1	0	0.3288866619829407
B1a	vad_valence	grp-15	ses-20260319_grp-15_run01	P2	T3	184	7.0	9.0	1	1	0.6844885505544169
B1a	vad_valence	grp-15	ses-20260319_grp-15_run01	P2	T4	185	7.0	8.0	1	0	0.427413892289145
B1a	vad_valence	grp-15	ses-20260319_grp-15_run01	P3	T1	187	7.0	8.5	1	1	0.6930687923088099
B1a	vad_valence	grp-15	ses-20260319_grp-15_run01	P4	T1	192	7.0	8.0	1	1	0.7433744208479629
B1a	vad_valence	grp-15	ses-20260319_grp-15_run01	P4	T2	193	7.0	5.0	0	0	0.35353682560884964
B1a	vad_valence	grp-15	ses-20260319_grp-15_run01	P4	T3	194	7.0	7.0	1	1	0.5834644375738008
B1a	vad_valence	grp-15	ses-20260319_grp-15_run01	P4	T4	195	7.0	8.0	1	1	0.6149494858203783
B1a	vad_valence	grp-16	ses-20260320_grp-16_run01	P1	T1	197	7.0	7.0	1	1	0.5712670493313503
B1a	vad_valence	grp-16	ses-20260320_grp-16_run01	P1	T2	198	7.0	6.666666666666667	0	1	0.7247761277369529
B1a	vad_valence	grp-16	ses-20260320_grp-16_run01	P1	T3	199	7.0	7.0	1	1	0.6247346524735778
B1a	vad_valence	grp-16	ses-20260320_grp-16_run01	P1	T4	200	7.0	7.0	1	1	0.8667919212452141
B1a	vad_valence	grp-16	ses-20260320_grp-16_run01	P2	T1	202	7.0	4.666666666666667	0	1	0.5339530361651912
B1a	vad_valence	grp-16	ses-20260320_grp-16_run01	P2	T2	203	7.0	5.0	0	1	0.5651322890802526
B1a	vad_valence	grp-16	ses-20260320_grp-16_run01	P2	T3	204	7.0	5.0	0	1	0.6597999026335328
B1a	vad_valence	grp-16	ses-20260320_grp-16_run01	P3	T1	207	7.0	8.0	1	0	0.4611529824074518
B1a	vad_valence	grp-16	ses-20260320_grp-16_run01	P3	T2	208	7.0	5.666666666666667	0	0	0.4029538936775231
B1a	vad_valence	grp-16	ses-20260320_grp-16_run01	P3	T3	209	7.0	8.0	1	0	0.45412684843066753
B1a	vad_valence	grp-16	ses-20260320_grp-16_run01	P3	T4	210	7.0	8.0	1	0	0.2761385729370957
B1a	vad_valence	grp-16	ses-20260320_grp-16_run01	P4	T1	212	7.0	9.0	1	1	0.7879372278186675
B1a	vad_valence	grp-16	ses-20260320_grp-16_run01	P4	T2	213	7.0	6.0	0	1	0.7321010089875664
B1a	vad_valence	grp-16	ses-20260320_grp-16_run01	P4	T3	214	7.0	9.0	1	1	0.7168086850025087
B1a	vad_valence	grp-16	ses-20260320_grp-16_run01	P4	T4	215	7.0	9.0	1	1	0.8502945079280396
B1b	vad_arousal	grp-07	ses-20260312_grp-07_run01	P1	T1	1	6.835753176043557	8.0	1	1	0.7804697479936695
B1b	vad_arousal	grp-07	ses-20260312_grp-07_run01	P1	T2	2	6.835753176043557	8.0	1	1	0.9237666348251455
B1b	vad_arousal	grp-07	ses-20260312_grp-07_run01	P1	T3	3	6.835753176043557	5.5	0	0	0.12138436065082948
B1b	vad_arousal	grp-07	ses-20260312_grp-07_run01	P1	T4	4	6.835753176043557	7.0	1	1	0.6403092632951501
B1b	vad_arousal	grp-07	ses-20260312_grp-07_run01	P2	T1	6	6.835753176043557	7.0	1	0	0.0036623974110431786
B1b	vad_arousal	grp-07	ses-20260312_grp-07_run01	P2	T2	7	6.835753176043557	8.0	1	0	0.03202961728014724
B1b	vad_arousal	grp-07	ses-20260312_grp-07_run01	P2	T3	8	6.835753176043557	8.0	1	0	0.17527824624045493
B1b	vad_arousal	grp-07	ses-20260312_grp-07_run01	P2	T4	9	6.835753176043557	8.0	1	0	0.36402733164357665
B1b	vad_arousal	grp-07	ses-20260312_grp-07_run01	P3	T1	11	6.835753176043557	5.5	0	1	0.5502856904577479
B1b	vad_arousal	grp-07	ses-20260312_grp-07_run01	P3	T2	12	6.835753176043557	7.0	1	1	0.7564135287664189
B1b	vad_arousal	grp-07	ses-20260312_grp-07_run01	P3	T3	13	6.835753176043557	8.0	1	1	0.7944071004279487
B1b	vad_arousal	grp-07	ses-20260312_grp-07_run01	P3	T4	14	6.835753176043557	8.0	1	1	0.6090457652210736
B1b	vad_arousal	grp-07	ses-20260312_grp-07_run01	P4	T1	16	6.835753176043557	8.0	1	0	0.4018890753250919
B1b	vad_arousal	grp-07	ses-20260312_grp-07_run01	P4	T2	17	6.835753176043557	8.0	1	1	0.5804089488535867
B1b	vad_arousal	grp-07	ses-20260312_grp-07_run01	P4	T3	18	6.835753176043557	9.0	1	1	0.7762878966745052
B1b	vad_arousal	grp-08	ses-20260313_grp-08_run01	P1	T1	21	7.0	6.457142857142857	0	0	0.2213217779417873
B1b	vad_arousal	grp-08	ses-20260313_grp-08_run01	P1	T2	22	7.0	6.25	0	1	0.843493108268958
B1b	vad_arousal	grp-08	ses-20260313_grp-08_run01	P1	T3	23	7.0	6.428571428571429	0	0	0.4860973697499604
B1b	vad_arousal	grp-08	ses-20260313_grp-08_run01	P1	T4	24	7.0	7.045454545454546	1	1	0.7038701969161274
B1b	vad_arousal	grp-08	ses-20260313_grp-08_run01	P2	T1	26	7.0	6.631578947368421	0	1	0.7212423686702853
B1b	vad_arousal	grp-08	ses-20260313_grp-08_run01	P2	T2	27	7.0	6.724137931034483	0	1	0.8630620312096909
B1b	vad_arousal	grp-08	ses-20260313_grp-08_run01	P2	T3	28	7.0	6.703703703703703	0	1	0.9371718468959159
B1b	vad_arousal	grp-08	ses-20260313_grp-08_run01	P2	T4	29	7.0	6.947368421052632	0	1	0.624593728618786
B1b	vad_arousal	grp-08	ses-20260313_grp-08_run01	P3	T1	31	7.0	5.823529411764706	0	0	0.02239481382920674
B1b	vad_arousal	grp-08	ses-20260313_grp-08_run01	P3	T2	32	7.0	6.433333333333334	0	0	0.4585140223269565
B1b	vad_arousal	grp-08	ses-20260313_grp-08_run01	P3	T3	33	7.0	6.37037037037037	0	0	0.26215346893952407
B1b	vad_arousal	grp-08	ses-20260313_grp-08_run01	P3	T4	34	7.0	5.761904761904762	0	1	0.6298114680156226
B1b	vad_arousal	grp-08	ses-20260313_grp-08_run01	P4	T1	36	7.0	6.636363636363637	0	1	0.7745676351891949
B1b	vad_arousal	grp-08	ses-20260313_grp-08_run01	P4	T2	37	7.0	7.318181818181818	1	1	0.7531906895621473
B1b	vad_arousal	grp-08	ses-20260313_grp-08_run01	P4	T3	38	7.0	6.2727272727272725	0	0	0.4816729901416423
B1b	vad_arousal	grp-08	ses-20260313_grp-08_run01	P4	T4	39	7.0	5.555555555555555	0	1	0.9336385024489764
B1b	vad_arousal	grp-09	ses-20260317_grp-09_run01	P1	T2	58	7.0	5.666666666666667	0	1	0.5938966250455504
B1b	vad_arousal	grp-09	ses-20260317_grp-09_run01	P1	T3	59	7.0	6.0	0	0	0.2678685896015374
B1b	vad_arousal	grp-09	ses-20260317_grp-09_run01	P1	T4	60	7.0	7.0	1	0	0.30909560736034125
B1b	vad_arousal	grp-09	ses-20260317_grp-09_run01	P2	T2	63	7.0	9.0	1	0	0.3925335867894219
B1b	vad_arousal	grp-09	ses-20260317_grp-09_run01	P2	T3	64	7.0	7.0	1	0	0.2964418650995596
B1b	vad_arousal	grp-09	ses-20260317_grp-09_run01	P2	T4	65	7.0	6.0	0	0	0.1911522499607687
B1b	vad_arousal	grp-09	ses-20260317_grp-09_run01	P3	T2	68	7.0	6.0	0	0	0.46083844273778957
B1b	vad_arousal	grp-09	ses-20260317_grp-09_run01	P3	T3	69	7.0	7.0	1	1	0.6042288117878027
B1b	vad_arousal	grp-09	ses-20260317_grp-09_run01	P3	T4	70	7.0	7.0	1	1	0.8759796511699176
B1b	vad_arousal	grp-09	ses-20260317_grp-09_run01	P4	T2	73	7.0	8.0	1	1	0.8850880281986847
B1b	vad_arousal	grp-09	ses-20260317_grp-09_run01	P4	T3	74	7.0	8.0	1	1	0.6972703326007145
B1b	vad_arousal	grp-09	ses-20260317_grp-09_run01	P4	T4	75	7.0	8.0	1	1	0.8149604207280211
B1b	vad_arousal	grp-10	ses-20260317_grp-10_run01	P1	T1	77	6.947368421052632	7.0	1	0	0.3450865650523452
B1b	vad_arousal	grp-10	ses-20260317_grp-10_run01	P1	T2	78	6.947368421052632	5.5	0	0	0.32664029094367397
B1b	vad_arousal	grp-10	ses-20260317_grp-10_run01	P1	T3	79	6.947368421052632	9.0	1	1	0.7549552721338133
B1b	vad_arousal	grp-10	ses-20260317_grp-10_run01	P1	T4	80	6.947368421052632	8.0	1	1	0.7448748405815492
B1b	vad_arousal	grp-10	ses-20260317_grp-10_run01	P2	T1	82	6.947368421052632	6.333333333333333	0	1	0.542951523731166
B1b	vad_arousal	grp-10	ses-20260317_grp-10_run01	P2	T2	83	6.947368421052632	7.333333333333333	1	1	0.6691674654047874
B1b	vad_arousal	grp-10	ses-20260317_grp-10_run01	P2	T3	84	6.947368421052632	7.333333333333333	1	1	0.6369513457395899
B1b	vad_arousal	grp-10	ses-20260317_grp-10_run01	P2	T4	85	6.947368421052632	7.0	1	1	0.889303478503371
B1b	vad_arousal	grp-10	ses-20260317_grp-10_run01	P3	T1	87	6.947368421052632	5.333333333333333	0	1	0.8422178702681301
B1b	vad_arousal	grp-10	ses-20260317_grp-10_run01	P3	T2	88	6.947368421052632	7.0	1	1	0.7567455424962714
B1b	vad_arousal	grp-10	ses-20260317_grp-10_run01	P3	T3	89	6.947368421052632	7.0	1	0	0.36265330719414
B1b	vad_arousal	grp-10	ses-20260317_grp-10_run01	P3	T4	90	6.947368421052632	7.0	1	0	0.10193726199055046
B1b	vad_arousal	grp-10	ses-20260317_grp-10_run01	P4	T1	92	6.947368421052632	8.333333333333334	1	1	0.7378849392186569
B1b	vad_arousal	grp-10	ses-20260317_grp-10_run01	P4	T2	93	6.947368421052632	8.0	1	1	0.8060044059925838
B1b	vad_arousal	grp-10	ses-20260317_grp-10_run01	P4	T3	94	6.947368421052632	9.0	1	1	0.7751358967080212
B1b	vad_arousal	grp-10	ses-20260317_grp-10_run01	P4	T4	95	6.947368421052632	9.0	1	1	0.7055117176240676
B1b	vad_arousal	grp-11	ses-20260318_grp-11_run01	P1	T4	100	7.0	6.0	0	1	0.9429687173256279
B1b	vad_arousal	grp-11	ses-20260318_grp-11_run01	P2	T1	102	7.0	5.0	0	0	0.4340197129775787
B1b	vad_arousal	grp-11	ses-20260318_grp-11_run01	P2	T2	103	7.0	6.0	0	0	0.34124521296149085
B1b	vad_arousal	grp-11	ses-20260318_grp-11_run01	P2	T3	104	7.0	7.0	1	1	0.6077461577807479
B1b	vad_arousal	grp-11	ses-20260318_grp-11_run01	P2	T4	105	7.0	7.0	1	1	0.7909452188474246
B1b	vad_arousal	grp-11	ses-20260318_grp-11_run01	P3	T1	107	7.0	6.0	0	1	0.5671522007718506
B1b	vad_arousal	grp-11	ses-20260318_grp-11_run01	P3	T2	108	7.0	5.0	0	1	0.5278352592578953
B1b	vad_arousal	grp-11	ses-20260318_grp-11_run01	P3	T3	109	7.0	5.5	0	0	0.4828782278757131
B1b	vad_arousal	grp-11	ses-20260318_grp-11_run01	P3	T4	110	7.0	5.5	0	1	0.7507312636216136
B1b	vad_arousal	grp-11	ses-20260318_grp-11_run01	P4	T1	112	7.0	8.0	1	1	0.7657541670857826
B1b	vad_arousal	grp-11	ses-20260318_grp-11_run01	P4	T2	113	7.0	7.333333333333333	1	1	0.6080251690608871
B1b	vad_arousal	grp-11	ses-20260318_grp-11_run01	P4	T3	114	7.0	7.0	1	0	0.4929899988203377
B1b	vad_arousal	grp-11	ses-20260318_grp-11_run01	P4	T4	115	7.0	7.0	1	1	0.8180708299057755
B1b	vad_arousal	grp-12	ses-20260318_grp-12_run01	P1	T1	117	7.0	5.666666666666667	0	0	0.3823917138059865
B1b	vad_arousal	grp-12	ses-20260318_grp-12_run01	P1	T2	118	7.0	5.333333333333333	0	0	0.35834098326565234
B1b	vad_arousal	grp-12	ses-20260318_grp-12_run01	P1	T3	119	7.0	6.333333333333333	0	0	0.35598685601734426
B1b	vad_arousal	grp-12	ses-20260318_grp-12_run01	P1	T4	120	7.0	5.0	0	0	0.45348965621515525
B1b	vad_arousal	grp-12	ses-20260318_grp-12_run01	P2	T1	122	7.0	7.0	1	1	0.6413515999248725
B1b	vad_arousal	grp-12	ses-20260318_grp-12_run01	P2	T3	124	7.0	6.0	0	0	0.3054011652902625
B1b	vad_arousal	grp-12	ses-20260318_grp-12_run01	P2	T4	125	7.0	4.0	0	0	0.11912034942524705
B1b	vad_arousal	grp-12	ses-20260318_grp-12_run01	P3	T1	127	7.0	5.666666666666667	0	0	0.3660232359031289
B1b	vad_arousal	grp-12	ses-20260318_grp-12_run01	P3	T2	128	7.0	6.666666666666667	0	1	0.5324759460699124
B1b	vad_arousal	grp-12	ses-20260318_grp-12_run01	P3	T3	129	7.0	7.5	1	1	0.7381158133761232
B1b	vad_arousal	grp-12	ses-20260318_grp-12_run01	P3	T4	130	7.0	7.0	1	0	0.36823553276764287
B1b	vad_arousal	grp-12	ses-20260318_grp-12_run01	P4	T1	132	7.0	3.5	0	1	0.6491043282910661
B1b	vad_arousal	grp-12	ses-20260318_grp-12_run01	P4	T3	134	7.0	3.0	0	1	0.5229798793374155
B1b	vad_arousal	grp-12	ses-20260318_grp-12_run01	P4	T4	135	7.0	2.0	0	1	0.6435557620506107
B1b	vad_arousal	grp-13	ses-20260318_grp-13_run01	P1	T2	138	7.0	6.0	0	0	0.06257739087385589
B1b	vad_arousal	grp-13	ses-20260318_grp-13_run01	P1	T3	139	7.0	4.666666666666667	0	0	0.15261320030465658
B1b	vad_arousal	grp-13	ses-20260318_grp-13_run01	P1	T4	140	7.0	7.0	1	0	0.166074596952816
B1b	vad_arousal	grp-13	ses-20260318_grp-13_run01	P2	T1	142	7.0	6.333333333333333	0	0	0.36250788643824866
B1b	vad_arousal	grp-13	ses-20260318_grp-13_run01	P2	T2	143	7.0	4.0	0	1	0.8130969165024643
B1b	vad_arousal	grp-13	ses-20260318_grp-13_run01	P2	T3	144	7.0	5.666666666666667	0	1	0.8177258432713043
B1b	vad_arousal	grp-13	ses-20260318_grp-13_run01	P2	T4	145	7.0	5.0	0	0	0.49972635548737243
B1b	vad_arousal	grp-13	ses-20260318_grp-13_run01	P3	T1	147	7.0	6.0	0	1	0.8969100280766471
B1b	vad_arousal	grp-13	ses-20260318_grp-13_run01	P3	T2	148	7.0	6.666666666666667	0	1	0.7923208427547743
B1b	vad_arousal	grp-13	ses-20260318_grp-13_run01	P3	T3	149	7.0	7.0	1	1	0.6723193693322488
B1b	vad_arousal	grp-13	ses-20260318_grp-13_run01	P3	T4	150	7.0	7.0	1	1	0.8468626314388689
B1b	vad_arousal	grp-13	ses-20260318_grp-13_run01	P4	T1	152	7.0	7.0	1	0	0.11226426582398269
B1b	vad_arousal	grp-13	ses-20260318_grp-13_run01	P4	T2	153	7.0	6.5	0	0	0.11327227475803182
B1b	vad_arousal	grp-13	ses-20260318_grp-13_run01	P4	T3	154	7.0	7.0	1	1	0.6229996389773432
B1b	vad_arousal	grp-14	ses-20260319_grp-14_run01	P1	T1	157	7.0	3.333333333333333	0	0	0.2186500114810782
B1b	vad_arousal	grp-14	ses-20260319_grp-14_run01	P1	T2	158	7.0	6.0	0	0	0.4801323668407557
B1b	vad_arousal	grp-14	ses-20260319_grp-14_run01	P1	T3	159	7.0	7.0	1	0	0.40363859331191654
B1b	vad_arousal	grp-14	ses-20260319_grp-14_run01	P1	T4	160	7.0	6.0	0	0	0.4022216498011985
B1b	vad_arousal	grp-14	ses-20260319_grp-14_run01	P2	T1	162	7.0	6.0	0	0	0.0974563214650072
B1b	vad_arousal	grp-14	ses-20260319_grp-14_run01	P2	T2	163	7.0	6.0	0	0	0.1375827636808136
B1b	vad_arousal	grp-14	ses-20260319_grp-14_run01	P2	T3	164	7.0	3.0	0	0	0.1993656135382685
B1b	vad_arousal	grp-14	ses-20260319_grp-14_run01	P3	T1	167	7.0	3.0	0	0	0.46335256014901666
B1b	vad_arousal	grp-14	ses-20260319_grp-14_run01	P3	T2	168	7.0	7.0	1	1	0.8254283274398747
B1b	vad_arousal	grp-14	ses-20260319_grp-14_run01	P3	T3	169	7.0	3.0	0	0	0.48805096178104135
B1b	vad_arousal	grp-14	ses-20260319_grp-14_run01	P3	T4	170	7.0	2.0	0	1	0.5308536717910105
B1b	vad_arousal	grp-14	ses-20260319_grp-14_run01	P4	T1	172	7.0	7.0	1	1	0.5147614486512176
B1b	vad_arousal	grp-14	ses-20260319_grp-14_run01	P4	T2	173	7.0	8.0	1	1	0.8630978995102713
B1b	vad_arousal	grp-14	ses-20260319_grp-14_run01	P4	T3	174	7.0	7.0	1	1	0.6789523807633785
B1b	vad_arousal	grp-14	ses-20260319_grp-14_run01	P4	T4	175	7.0	7.0	1	1	0.5925043403111834
B1b	vad_arousal	grp-15	ses-20260319_grp-15_run01	P1	T1	177	7.0	6.0	0	0	0.4254027903964304
B1b	vad_arousal	grp-15	ses-20260319_grp-15_run01	P1	T2	178	7.0	5.666666666666667	0	1	0.8535340523836369
B1b	vad_arousal	grp-15	ses-20260319_grp-15_run01	P1	T3	179	7.0	3.0	0	1	0.731585021942862
B1b	vad_arousal	grp-15	ses-20260319_grp-15_run01	P1	T4	180	7.0	7.0	1	1	0.9398967650198564
B1b	vad_arousal	grp-15	ses-20260319_grp-15_run01	P2	T1	182	7.0	8.0	1	0	0.044287797453306466
B1b	vad_arousal	grp-15	ses-20260319_grp-15_run01	P2	T2	183	7.0	8.0	1	0	0.41528826251541745
B1b	vad_arousal	grp-15	ses-20260319_grp-15_run01	P2	T3	184	7.0	9.0	1	0	0.30301779581898675
B1b	vad_arousal	grp-15	ses-20260319_grp-15_run01	P2	T4	185	7.0	9.0	1	1	0.5180229629155038
B1b	vad_arousal	grp-15	ses-20260319_grp-15_run01	P3	T1	187	7.0	7.0	1	1	0.621525415918849
B1b	vad_arousal	grp-15	ses-20260319_grp-15_run01	P4	T1	192	7.0	7.0	1	0	0.4787014635841099
B1b	vad_arousal	grp-15	ses-20260319_grp-15_run01	P4	T2	193	7.0	8.0	1	1	0.8849775679672297
B1b	vad_arousal	grp-15	ses-20260319_grp-15_run01	P4	T3	194	7.0	8.0	1	1	0.5965057735673325
B1b	vad_arousal	grp-15	ses-20260319_grp-15_run01	P4	T4	195	7.0	8.0	1	1	0.6710718564799566
B1b	vad_arousal	grp-16	ses-20260320_grp-16_run01	P1	T1	197	7.0	6.666666666666667	0	0	0.21880934170378316
B1b	vad_arousal	grp-16	ses-20260320_grp-16_run01	P1	T2	198	7.0	5.0	0	0	0.47524014977944523
B1b	vad_arousal	grp-16	ses-20260320_grp-16_run01	P1	T3	199	7.0	7.0	1	0	0.44366670307374056
B1b	vad_arousal	grp-16	ses-20260320_grp-16_run01	P1	T4	200	7.0	7.0	1	1	0.6117625979596182
B1b	vad_arousal	grp-16	ses-20260320_grp-16_run01	P2	T1	202	7.0	5.0	0	0	0.26456386840424917
B1b	vad_arousal	grp-16	ses-20260320_grp-16_run01	P2	T2	203	7.0	5.0	0	0	0.26051077083737006
B1b	vad_arousal	grp-16	ses-20260320_grp-16_run01	P2	T3	204	7.0	5.0	0	1	0.6348490132945735
B1b	vad_arousal	grp-16	ses-20260320_grp-16_run01	P3	T1	207	7.0	7.333333333333333	1	1	0.7555306999808814
B1b	vad_arousal	grp-16	ses-20260320_grp-16_run01	P3	T2	208	7.0	7.0	1	1	0.7526324416734659
B1b	vad_arousal	grp-16	ses-20260320_grp-16_run01	P3	T3	209	7.0	8.0	1	0	0.3166367839007322
B1b	vad_arousal	grp-16	ses-20260320_grp-16_run01	P3	T4	210	7.0	8.0	1	1	0.5259293956381585
B1b	vad_arousal	grp-16	ses-20260320_grp-16_run01	P4	T1	212	7.0	9.0	1	1	0.5999016844085583
B1b	vad_arousal	grp-16	ses-20260320_grp-16_run01	P4	T2	213	7.0	9.0	1	1	0.789281859437388
B1b	vad_arousal	grp-16	ses-20260320_grp-16_run01	P4	T3	214	7.0	9.0	1	1	0.8777466433838138
B1b	vad_arousal	grp-16	ses-20260320_grp-16_run01	P4	T4	215	7.0	9.0	1	1	0.8882052874520177
B2	vad_dominance	grp-07	ses-20260312_grp-07_run01	P1	T1	1	5.955882352941177	9.0	1	1	0.9272945543582454
B2	vad_dominance	grp-07	ses-20260312_grp-07_run01	P1	T2	2	5.955882352941177	8.0	1	0	0.4655676009383897
B2	vad_dominance	grp-07	ses-20260312_grp-07_run01	P1	T3	3	5.955882352941177	5.5	0	0	0.09477769528283972
B2	vad_dominance	grp-07	ses-20260312_grp-07_run01	P2	T1	6	5.955882352941177	7.0	1	0	0.17945159378926873
B2	vad_dominance	grp-07	ses-20260312_grp-07_run01	P2	T2	7	5.955882352941177	7.0	1	0	0.018521314768907265
B2	vad_dominance	grp-07	ses-20260312_grp-07_run01	P2	T3	8	5.955882352941177	7.0	1	0	0.14148163801957192
B2	vad_dominance	grp-07	ses-20260312_grp-07_run01	P3	T1	11	5.955882352941177	5.5	0	1	0.8475237964146981
B2	vad_dominance	grp-07	ses-20260312_grp-07_run01	P3	T2	12	5.955882352941177	4.666666666666667	0	0	0.4306132688388299
B2	vad_dominance	grp-07	ses-20260312_grp-07_run01	P3	T3	13	5.955882352941177	8.0	1	1	0.661301135504828
B2	vad_dominance	grp-07	ses-20260312_grp-07_run01	P4	T1	16	5.955882352941177	8.0	1	1	0.7091115621291847
B2	vad_dominance	grp-07	ses-20260312_grp-07_run01	P4	T2	17	5.955882352941177	8.0	1	1	0.5244596756864778
B2	vad_dominance	grp-07	ses-20260312_grp-07_run01	P4	T3	18	5.955882352941177	8.0	1	1	0.8872659992606025
B2	vad_dominance	grp-08	ses-20260313_grp-08_run01	P1	T1	21	6.0	6.0	1	1	0.6864783631388002
B2	vad_dominance	grp-08	ses-20260313_grp-08_run01	P1	T2	22	6.0	4.972222222222222	0	1	0.5616753762037954
B2	vad_dominance	grp-08	ses-20260313_grp-08_run01	P1	T3	23	6.0	5.517241379310345	0	1	0.6985616456925475
B2	vad_dominance	grp-08	ses-20260313_grp-08_run01	P2	T1	26	6.0	6.078947368421052	1	1	0.9416495584167109
B2	vad_dominance	grp-08	ses-20260313_grp-08_run01	P2	T2	27	6.0	5.379310344827586	0	1	0.5700681106046724
B2	vad_dominance	grp-08	ses-20260313_grp-08_run01	P2	T3	28	6.0	5.703703703703703	0	1	0.9876573225492388
B2	vad_dominance	grp-08	ses-20260313_grp-08_run01	P3	T1	31	6.0	5.911764705882353	0	0	0.1739466223753535
B2	vad_dominance	grp-08	ses-20260313_grp-08_run01	P3	T2	32	6.0	5.266666666666667	0	0	0.20593429420470935
B2	vad_dominance	grp-08	ses-20260313_grp-08_run01	P3	T3	33	6.0	6.111111111111111	1	1	0.5510108743014381
B2	vad_dominance	grp-08	ses-20260313_grp-08_run01	P4	T1	36	6.0	6.409090909090909	1	1	0.8895825545019209
B2	vad_dominance	grp-08	ses-20260313_grp-08_run01	P4	T2	37	6.0	6.2727272727272725	1	1	0.5103899159464725
B2	vad_dominance	grp-08	ses-20260313_grp-08_run01	P4	T3	38	6.0	6.727272727272728	1	1	0.8749520698769453
B2	vad_dominance	grp-09	ses-20260317_grp-09_run01	P1	T2	58	6.0	2.6666666666666665	0	1	0.6057254639683239
B2	vad_dominance	grp-09	ses-20260317_grp-09_run01	P1	T3	59	6.0	5.0	0	0	0.2879039674622415
B2	vad_dominance	grp-09	ses-20260317_grp-09_run01	P2	T2	63	6.0	4.0	0	1	0.5621807256274932
B2	vad_dominance	grp-09	ses-20260317_grp-09_run01	P2	T3	64	6.0	5.0	0	1	0.5246045576534549
B2	vad_dominance	grp-09	ses-20260317_grp-09_run01	P3	T2	68	6.0	3.0	0	0	0.2738361001199809
B2	vad_dominance	grp-09	ses-20260317_grp-09_run01	P3	T3	69	6.0	6.0	1	1	0.6586857206897841
B2	vad_dominance	grp-09	ses-20260317_grp-09_run01	P4	T2	73	6.0	7.0	1	1	0.8032135931851154
B2	vad_dominance	grp-09	ses-20260317_grp-09_run01	P4	T3	74	6.0	7.0	1	1	0.7133197419369989
B2	vad_dominance	grp-10	ses-20260317_grp-10_run01	P1	T1	77	6.0	4.333333333333333	0	0	0.42242129051698685
B2	vad_dominance	grp-10	ses-20260317_grp-10_run01	P1	T2	78	6.0	2.0	0	0	0.15597072773116008
B2	vad_dominance	grp-10	ses-20260317_grp-10_run01	P1	T3	79	6.0	6.0	1	1	0.6405819251825466
B2	vad_dominance	grp-10	ses-20260317_grp-10_run01	P2	T1	82	6.0	6.666666666666667	1	1	0.6056759462188259
B2	vad_dominance	grp-10	ses-20260317_grp-10_run01	P2	T2	83	6.0	4.333333333333333	0	0	0.1444385732800198
B2	vad_dominance	grp-10	ses-20260317_grp-10_run01	P2	T3	84	6.0	4.666666666666667	0	0	0.3006630393331037
B2	vad_dominance	grp-10	ses-20260317_grp-10_run01	P3	T1	87	6.0	7.333333333333333	1	1	0.8845856444901566
B2	vad_dominance	grp-10	ses-20260317_grp-10_run01	P3	T2	88	6.0	6.333333333333333	1	0	0.49434245358962897
B2	vad_dominance	grp-10	ses-20260317_grp-10_run01	P3	T3	89	6.0	7.0	1	1	0.584670070889344
B2	vad_dominance	grp-10	ses-20260317_grp-10_run01	P4	T1	92	6.0	7.666666666666667	1	1	0.84646761374648
B2	vad_dominance	grp-10	ses-20260317_grp-10_run01	P4	T2	93	6.0	7.333333333333333	1	1	0.8296796063374472
B2	vad_dominance	grp-10	ses-20260317_grp-10_run01	P4	T3	94	6.0	9.0	1	1	0.8672170375335154
B2	vad_dominance	grp-11	ses-20260318_grp-11_run01	P2	T1	102	6.0	6.0	1	1	0.8412271748749344
B2	vad_dominance	grp-11	ses-20260318_grp-11_run01	P2	T2	103	6.0	4.666666666666667	0	1	0.6432845715094238
B2	vad_dominance	grp-11	ses-20260318_grp-11_run01	P2	T3	104	6.0	5.0	0	0	0.27633873120761326
B2	vad_dominance	grp-11	ses-20260318_grp-11_run01	P3	T1	107	6.0	4.0	0	1	0.793926964211537
B2	vad_dominance	grp-11	ses-20260318_grp-11_run01	P3	T2	108	6.0	5.0	0	1	0.5778105786886979
B2	vad_dominance	grp-11	ses-20260318_grp-11_run01	P3	T3	109	6.0	5.5	0	0	0.02536861409387458
B2	vad_dominance	grp-11	ses-20260318_grp-11_run01	P4	T1	112	6.0	8.0	1	1	0.5582762892696932
B2	vad_dominance	grp-11	ses-20260318_grp-11_run01	P4	T2	113	6.0	7.0	1	1	0.5404949832528437
B2	vad_dominance	grp-11	ses-20260318_grp-11_run01	P4	T3	114	6.0	7.0	1	0	0.13054001519464722
B2	vad_dominance	grp-12	ses-20260318_grp-12_run01	P1	T1	117	6.0	4.333333333333333	0	0	0.4265038439419623
B2	vad_dominance	grp-12	ses-20260318_grp-12_run01	P1	T2	118	6.0	4.333333333333333	0	0	0.3239524234574983
B2	vad_dominance	grp-12	ses-20260318_grp-12_run01	P1	T3	119	6.0	5.666666666666667	0	0	0.27524558222689555
B2	vad_dominance	grp-12	ses-20260318_grp-12_run01	P2	T1	122	6.0	8.0	1	0	0.23524870329098188
B2	vad_dominance	grp-12	ses-20260318_grp-12_run01	P2	T3	124	6.0	6.0	1	0	0.3988998849717599
B2	vad_dominance	grp-12	ses-20260318_grp-12_run01	P3	T1	127	6.0	5.0	0	0	0.18238689906039354
B2	vad_dominance	grp-12	ses-20260318_grp-12_run01	P3	T2	128	6.0	5.333333333333333	0	0	0.06510101608231235
B2	vad_dominance	grp-12	ses-20260318_grp-12_run01	P3	T3	129	6.0	7.0	1	0	0.2830175272520497
B2	vad_dominance	grp-12	ses-20260318_grp-12_run01	P4	T1	132	6.0	7.5	1	0	0.4466472565409733
B2	vad_dominance	grp-12	ses-20260318_grp-12_run01	P4	T3	134	6.0	6.333333333333333	1	0	0.43240080211514215
B2	vad_dominance	grp-13	ses-20260318_grp-13_run01	P1	T2	138	6.0	4.0	0	0	0.12024866513471653
B2	vad_dominance	grp-13	ses-20260318_grp-13_run01	P1	T3	139	6.0	3.6666666666666665	0	0	0.25694016640037753
B2	vad_dominance	grp-13	ses-20260318_grp-13_run01	P2	T1	142	6.0	5.666666666666667	0	1	0.6962299106061777
B2	vad_dominance	grp-13	ses-20260318_grp-13_run01	P2	T2	143	6.0	5.666666666666667	0	1	0.63599558436363
B2	vad_dominance	grp-13	ses-20260318_grp-13_run01	P2	T3	144	6.0	4.0	0	1	0.8691338317898339
B2	vad_dominance	grp-13	ses-20260318_grp-13_run01	P3	T1	147	6.0	6.0	1	1	0.8058870320535294
B2	vad_dominance	grp-13	ses-20260318_grp-13_run01	P3	T2	148	6.0	5.666666666666667	0	1	0.7476559478894939
B2	vad_dominance	grp-13	ses-20260318_grp-13_run01	P3	T3	149	6.0	6.333333333333333	1	0	0.1655494927050199
B2	vad_dominance	grp-13	ses-20260318_grp-13_run01	P4	T1	152	6.0	5.0	0	0	0.4335829067048272
B2	vad_dominance	grp-13	ses-20260318_grp-13_run01	P4	T2	153	6.0	1.0	0	0	0.20986773423119542
B2	vad_dominance	grp-13	ses-20260318_grp-13_run01	P4	T3	154	6.0	6.0	1	1	0.5038459655355969
B2	vad_dominance	grp-14	ses-20260319_grp-14_run01	P1	T1	157	6.0	4.666666666666667	0	0	0.2414200702524915
B2	vad_dominance	grp-14	ses-20260319_grp-14_run01	P1	T2	158	6.0	6.0	1	0	0.17194580408897572
B2	vad_dominance	grp-14	ses-20260319_grp-14_run01	P1	T3	159	6.0	6.333333333333333	1	1	0.7493610923576294
B2	vad_dominance	grp-14	ses-20260319_grp-14_run01	P2	T1	162	6.0	7.0	1	0	0.29969618441428014
B2	vad_dominance	grp-14	ses-20260319_grp-14_run01	P2	T2	163	6.0	5.5	0	0	0.25120001254991875
B2	vad_dominance	grp-14	ses-20260319_grp-14_run01	P2	T3	164	6.0	6.0	1	1	0.5901777754313118
B2	vad_dominance	grp-14	ses-20260319_grp-14_run01	P3	T1	167	6.0	5.0	0	0	0.04384121382639345
B2	vad_dominance	grp-14	ses-20260319_grp-14_run01	P3	T2	168	6.0	5.0	0	0	0.058716096960398825
B2	vad_dominance	grp-14	ses-20260319_grp-14_run01	P3	T3	169	6.0	5.0	0	0	0.012312984482655356
B2	vad_dominance	grp-14	ses-20260319_grp-14_run01	P4	T1	172	6.0	7.0	1	1	0.7593970597580564
B2	vad_dominance	grp-14	ses-20260319_grp-14_run01	P4	T2	173	6.0	7.0	1	1	0.9124573244412567
B2	vad_dominance	grp-14	ses-20260319_grp-14_run01	P4	T3	174	6.0	8.0	1	1	0.948431473187491
B2	vad_dominance	grp-15	ses-20260319_grp-15_run01	P1	T1	177	6.0	5.333333333333333	0	0	0.4267924915882528
B2	vad_dominance	grp-15	ses-20260319_grp-15_run01	P1	T2	178	6.0	4.0	0	0	0.3352273365054862
B2	vad_dominance	grp-15	ses-20260319_grp-15_run01	P1	T3	179	6.0	3.0	0	1	0.802160413245288
B2	vad_dominance	grp-15	ses-20260319_grp-15_run01	P2	T1	182	6.0	7.666666666666667	1	0	0.32660696120703914
B2	vad_dominance	grp-15	ses-20260319_grp-15_run01	P2	T2	183	6.0	7.0	1	0	0.25309391451370705
B2	vad_dominance	grp-15	ses-20260319_grp-15_run01	P2	T3	184	6.0	9.0	1	0	0.49787787312882786
B2	vad_dominance	grp-15	ses-20260319_grp-15_run01	P3	T1	187	6.0	6.0	1	1	0.7917159112647538
B2	vad_dominance	grp-15	ses-20260319_grp-15_run01	P4	T1	192	6.0	4.0	0	1	0.800065096857229
B2	vad_dominance	grp-15	ses-20260319_grp-15_run01	P4	T2	193	6.0	3.0	0	1	0.5013337471314047
B2	vad_dominance	grp-15	ses-20260319_grp-15_run01	P4	T3	194	6.0	6.0	1	1	0.9551576002489034
B2	vad_dominance	grp-16	ses-20260320_grp-16_run01	P1	T1	197	6.0	6.666666666666667	1	0	0.23280010106299276
B2	vad_dominance	grp-16	ses-20260320_grp-16_run01	P1	T2	198	6.0	5.0	0	1	0.5815908534515438
B2	vad_dominance	grp-16	ses-20260320_grp-16_run01	P1	T3	199	6.0	6.0	1	0	0.2872419351065198
B2	vad_dominance	grp-16	ses-20260320_grp-16_run01	P2	T1	202	6.0	4.666666666666667	0	1	0.742086320155249
B2	vad_dominance	grp-16	ses-20260320_grp-16_run01	P2	T2	203	6.0	5.0	0	1	0.7277554357382048
B2	vad_dominance	grp-16	ses-20260320_grp-16_run01	P2	T3	204	6.0	5.0	0	1	0.5891845372091966
B2	vad_dominance	grp-16	ses-20260320_grp-16_run01	P3	T1	207	6.0	8.0	1	0	0.3467966283746733
B2	vad_dominance	grp-16	ses-20260320_grp-16_run01	P3	T2	208	6.0	7.333333333333333	1	0	0.20527013338189698
B2	vad_dominance	grp-16	ses-20260320_grp-16_run01	P3	T3	209	6.0	8.333333333333334	1	1	0.5172584660634714
B2	vad_dominance	grp-16	ses-20260320_grp-16_run01	P4	T1	212	6.0	9.0	1	1	0.7797305165000609
B2	vad_dominance	grp-16	ses-20260320_grp-16_run01	P4	T2	213	6.0	5.0	0	1	0.7743396427956603
B2	vad_dominance	grp-16	ses-20260320_grp-16_run01	P4	T3	214	6.0	8.0	1	1	0.7400013402568412
B3a	ans_mental_demand	grp-07	ses-20260312_grp-07_run01	P1	T1	1	3.8461538461538463	3.0	0	0	0.2710493601209506
B3a	ans_mental_demand	grp-07	ses-20260312_grp-07_run01	P1	T2	2	3.8461538461538463	4.214285714285714	1	1	0.9582087055435873
B3a	ans_mental_demand	grp-07	ses-20260312_grp-07_run01	P1	T3	3	3.8461538461538463	3.0	0	0	0.31271493923337723
B3a	ans_mental_demand	grp-07	ses-20260312_grp-07_run01	P1	T4	4	3.8461538461538463	3.0	0	0	0.4501507937436987
B3a	ans_mental_demand	grp-07	ses-20260312_grp-07_run01	P2	T1	6	3.8461538461538463	3.2142857142857144	0	1	0.5400525936189245
B3a	ans_mental_demand	grp-07	ses-20260312_grp-07_run01	P2	T2	7	3.8461538461538463	5.0	1	1	0.9991847379005738
B3a	ans_mental_demand	grp-07	ses-20260312_grp-07_run01	P2	T3	8	3.8461538461538463	3.4285714285714284	0	1	0.8692388541563358
B3a	ans_mental_demand	grp-07	ses-20260312_grp-07_run01	P3	T1	11	3.8461538461538463	3.4285714285714284	0	1	0.6975222793303787
B3a	ans_mental_demand	grp-07	ses-20260312_grp-07_run01	P3	T2	12	3.8461538461538463	4.923076923076923	1	1	0.9783859223649957
B3a	ans_mental_demand	grp-07	ses-20260312_grp-07_run01	P3	T3	13	3.8461538461538463	4.0	1	1	0.9901669721028175
B3a	ans_mental_demand	grp-07	ses-20260312_grp-07_run01	P4	T1	16	3.8461538461538463	3.8461538461538463	1	0	0.46889729391584306
B3a	ans_mental_demand	grp-07	ses-20260312_grp-07_run01	P4	T2	17	3.8461538461538463	4.6	1	1	0.852222231542394
B3a	ans_mental_demand	grp-07	ses-20260312_grp-07_run01	P4	T3	18	3.8461538461538463	4.0	1	1	0.6636290521188926
B3a	ans_mental_demand	grp-08	ses-20260313_grp-08_run01	P1	T1	21	3.8461538461538463	3.0	0	0	0.08602117599830945
B3a	ans_mental_demand	grp-08	ses-20260313_grp-08_run01	P1	T2	22	3.8461538461538463	4.214285714285714	1	1	0.7668643862339914
B3a	ans_mental_demand	grp-08	ses-20260313_grp-08_run01	P1	T3	23	3.8461538461538463	3.0	0	0	0.10902609251818307
B3a	ans_mental_demand	grp-08	ses-20260313_grp-08_run01	P1	T4	24	3.8461538461538463	3.0	0	0	0.07119499581594303
B3a	ans_mental_demand	grp-08	ses-20260313_grp-08_run01	P2	T1	26	3.8461538461538463	3.2142857142857144	0	0	0.48924592083442636
B3a	ans_mental_demand	grp-08	ses-20260313_grp-08_run01	P2	T2	27	3.8461538461538463	5.0	1	1	0.8492864828437939
B3a	ans_mental_demand	grp-08	ses-20260313_grp-08_run01	P2	T3	28	3.8461538461538463	3.4285714285714284	0	0	0.21638990122446855
B3a	ans_mental_demand	grp-08	ses-20260313_grp-08_run01	P3	T1	31	3.8461538461538463	3.4285714285714284	0	0	0.045795734082054874
B3a	ans_mental_demand	grp-08	ses-20260313_grp-08_run01	P3	T2	32	3.8461538461538463	4.923076923076923	1	1	0.7790057064211311
B3a	ans_mental_demand	grp-08	ses-20260313_grp-08_run01	P3	T3	33	3.8461538461538463	4.0	1	0	0.2405678125419212
B3a	ans_mental_demand	grp-08	ses-20260313_grp-08_run01	P4	T1	36	3.8461538461538463	3.8461538461538463	1	0	0.4742424179681003
B3a	ans_mental_demand	grp-08	ses-20260313_grp-08_run01	P4	T2	37	3.8461538461538463	4.6	1	1	0.9208875457021813
B3a	ans_mental_demand	grp-08	ses-20260313_grp-08_run01	P4	T3	38	3.8461538461538463	4.0	1	0	0.3946029226825848
B3a	ans_mental_demand	grp-09	ses-20260317_grp-09_run01	P1	T1	57	3.8461538461538463	3.0	0	0	0.46260256581339
B3a	ans_mental_demand	grp-09	ses-20260317_grp-09_run01	P1	T2	58	3.8461538461538463	4.214285714285714	1	0	0.334385284517357
B3a	ans_mental_demand	grp-09	ses-20260317_grp-09_run01	P1	T3	59	3.8461538461538463	3.0	0	1	0.679744200725474
B3a	ans_mental_demand	grp-09	ses-20260317_grp-09_run01	P1	T4	60	3.8461538461538463	3.0	0	0	0.14974214156953183
B3a	ans_mental_demand	grp-09	ses-20260317_grp-09_run01	P2	T1	62	3.8461538461538463	3.2142857142857144	0	0	0.20076471786631975
B3a	ans_mental_demand	grp-09	ses-20260317_grp-09_run01	P2	T2	63	3.8461538461538463	5.0	1	1	0.7585886900061853
B3a	ans_mental_demand	grp-09	ses-20260317_grp-09_run01	P2	T3	64	3.8461538461538463	3.4285714285714284	0	1	0.5217522603139495
B3a	ans_mental_demand	grp-09	ses-20260317_grp-09_run01	P3	T1	67	3.8461538461538463	3.4285714285714284	0	1	0.9507706466515738
B3a	ans_mental_demand	grp-09	ses-20260317_grp-09_run01	P3	T2	68	3.8461538461538463	4.923076923076923	1	0	0.34182738051729966
B3a	ans_mental_demand	grp-09	ses-20260317_grp-09_run01	P3	T3	69	3.8461538461538463	4.0	1	1	0.715322670261084
B3a	ans_mental_demand	grp-09	ses-20260317_grp-09_run01	P4	T1	72	3.8461538461538463	3.8461538461538463	1	1	0.758736402199144
B3a	ans_mental_demand	grp-09	ses-20260317_grp-09_run01	P4	T2	73	3.8461538461538463	4.6	1	1	0.8704655854645763
B3a	ans_mental_demand	grp-09	ses-20260317_grp-09_run01	P4	T3	74	3.8461538461538463	4.0	1	1	0.7629741544747513
B3a	ans_mental_demand	grp-10	ses-20260317_grp-10_run01	P1	T1	77	3.8461538461538463	3.0	0	1	0.6284903594035616
B3a	ans_mental_demand	grp-10	ses-20260317_grp-10_run01	P1	T2	78	3.8461538461538463	4.214285714285714	1	1	0.9393494673442503
B3a	ans_mental_demand	grp-10	ses-20260317_grp-10_run01	P1	T3	79	3.8461538461538463	3.0	0	1	0.5341484514053305
B3a	ans_mental_demand	grp-10	ses-20260317_grp-10_run01	P1	T4	80	3.8461538461538463	3.0	0	0	0.11549934872433167
B3a	ans_mental_demand	grp-10	ses-20260317_grp-10_run01	P2	T1	82	3.8461538461538463	3.2142857142857144	0	0	0.16070603631418703
B3a	ans_mental_demand	grp-10	ses-20260317_grp-10_run01	P2	T2	83	3.8461538461538463	5.0	1	1	0.8312481148195777
B3a	ans_mental_demand	grp-10	ses-20260317_grp-10_run01	P2	T3	84	3.8461538461538463	3.4285714285714284	0	1	0.8202221918958359
B3a	ans_mental_demand	grp-10	ses-20260317_grp-10_run01	P3	T1	87	3.8461538461538463	3.4285714285714284	0	0	0.10883706298763701
B3a	ans_mental_demand	grp-10	ses-20260317_grp-10_run01	P3	T2	88	3.8461538461538463	4.923076923076923	1	0	0.40522577603318105
B3a	ans_mental_demand	grp-10	ses-20260317_grp-10_run01	P3	T3	89	3.8461538461538463	4.0	1	0	0.13359566397659103
B3a	ans_mental_demand	grp-10	ses-20260317_grp-10_run01	P4	T1	92	3.8461538461538463	3.8461538461538463	1	1	0.570010350985358
B3a	ans_mental_demand	grp-10	ses-20260317_grp-10_run01	P4	T2	93	3.8461538461538463	4.6	1	1	0.8077448427557179
B3a	ans_mental_demand	grp-10	ses-20260317_grp-10_run01	P4	T3	94	3.8461538461538463	4.0	1	1	0.5847533224995758
B3a	ans_mental_demand	grp-12	ses-20260318_grp-12_run01	P1	T1	117	3.8461538461538463	3.0	0	1	0.5937541376593735
B3a	ans_mental_demand	grp-12	ses-20260318_grp-12_run01	P1	T2	118	3.8461538461538463	4.214285714285714	1	1	0.9010573020953785
B3a	ans_mental_demand	grp-12	ses-20260318_grp-12_run01	P2	T1	122	3.8461538461538463	3.2142857142857144	0	1	0.9887600735474552
B3a	ans_mental_demand	grp-12	ses-20260318_grp-12_run01	P2	T2	123	3.8461538461538463	5.0	1	1	0.9998748805344957
B3a	ans_mental_demand	grp-12	ses-20260318_grp-12_run01	P3	T1	127	3.8461538461538463	3.4285714285714284	0	1	0.9948629090023645
B3a	ans_mental_demand	grp-12	ses-20260318_grp-12_run01	P3	T2	128	3.8461538461538463	4.923076923076923	1	1	0.9989683971600942
B3a	ans_mental_demand	grp-12	ses-20260318_grp-12_run01	P4	T1	132	3.8461538461538463	3.8461538461538463	1	1	0.9095904297049133
B3a	ans_mental_demand	grp-12	ses-20260318_grp-12_run01	P4	T2	133	3.8461538461538463	4.6	1	1	0.9354915559471942
B3a	ans_mental_demand	grp-13	ses-20260318_grp-13_run01	P1	T1	137	3.8461538461538463	3.0	0	0	0.033011509011176936
B3a	ans_mental_demand	grp-13	ses-20260318_grp-13_run01	P1	T2	138	3.8461538461538463	4.214285714285714	1	0	0.48911004420286525
B3a	ans_mental_demand	grp-13	ses-20260318_grp-13_run01	P1	T3	139	3.8461538461538463	3.0	0	1	0.614930608390519
B3a	ans_mental_demand	grp-13	ses-20260318_grp-13_run01	P1	T4	140	3.8461538461538463	3.0	0	1	0.7648644999734517
B3a	ans_mental_demand	grp-13	ses-20260318_grp-13_run01	P2	T1	142	3.8461538461538463	3.2142857142857144	0	0	0.3047808159468134
B3a	ans_mental_demand	grp-13	ses-20260318_grp-13_run01	P2	T2	143	3.8461538461538463	5.0	1	1	0.7627191854558854
B3a	ans_mental_demand	grp-13	ses-20260318_grp-13_run01	P2	T3	144	3.8461538461538463	3.4285714285714284	0	1	0.9557449636947886
B3a	ans_mental_demand	grp-13	ses-20260318_grp-13_run01	P3	T1	147	3.8461538461538463	3.4285714285714284	0	0	0.4257583123922276
B3a	ans_mental_demand	grp-13	ses-20260318_grp-13_run01	P3	T2	148	3.8461538461538463	4.923076923076923	1	1	0.9684307722912867
B3a	ans_mental_demand	grp-13	ses-20260318_grp-13_run01	P3	T3	149	3.8461538461538463	4.0	1	1	0.982144316521979
B3a	ans_mental_demand	grp-13	ses-20260318_grp-13_run01	P4	T1	152	3.8461538461538463	3.8461538461538463	1	1	0.7498256924632921
B3a	ans_mental_demand	grp-13	ses-20260318_grp-13_run01	P4	T2	153	3.8461538461538463	4.6	1	1	0.9237715780047057
B3a	ans_mental_demand	grp-13	ses-20260318_grp-13_run01	P4	T3	154	3.8461538461538463	4.0	1	1	0.8845338902414389
B3a	ans_mental_demand	grp-14	ses-20260319_grp-14_run01	P1	T1	157	3.8461538461538463	3.0	0	0	0.08360897341720024
B3a	ans_mental_demand	grp-14	ses-20260319_grp-14_run01	P1	T2	158	3.8461538461538463	4.214285714285714	1	0	0.07279106056026262
B3a	ans_mental_demand	grp-14	ses-20260319_grp-14_run01	P1	T3	159	3.8461538461538463	3.0	0	0	0.016311639606477437
B3a	ans_mental_demand	grp-14	ses-20260319_grp-14_run01	P1	T4	160	3.8461538461538463	3.0	0	0	0.053031707686595465
B3a	ans_mental_demand	grp-14	ses-20260319_grp-14_run01	P2	T1	162	3.8461538461538463	3.2142857142857144	0	0	0.049717180695086884
B3a	ans_mental_demand	grp-14	ses-20260319_grp-14_run01	P2	T2	163	3.8461538461538463	5.0	1	0	0.4107193277288258
B3a	ans_mental_demand	grp-14	ses-20260319_grp-14_run01	P2	T3	164	3.8461538461538463	3.4285714285714284	0	0	0.021884986140162998
B3a	ans_mental_demand	grp-14	ses-20260319_grp-14_run01	P3	T1	167	3.8461538461538463	3.4285714285714284	0	0	0.018628747348115152
B3a	ans_mental_demand	grp-14	ses-20260319_grp-14_run01	P3	T2	168	3.8461538461538463	4.923076923076923	1	1	0.5140058893894486
B3a	ans_mental_demand	grp-14	ses-20260319_grp-14_run01	P3	T3	169	3.8461538461538463	4.0	1	0	0.06269701958244413
B3a	ans_mental_demand	grp-14	ses-20260319_grp-14_run01	P4	T1	172	3.8461538461538463	3.8461538461538463	1	1	0.6819491959205743
B3a	ans_mental_demand	grp-14	ses-20260319_grp-14_run01	P4	T2	173	3.8461538461538463	4.6	1	1	0.8673828770410315
B3a	ans_mental_demand	grp-14	ses-20260319_grp-14_run01	P4	T3	174	3.8461538461538463	4.0	1	0	0.11146443193583473
B3a	ans_mental_demand	grp-15	ses-20260319_grp-15_run01	P1	T1	177	3.8461538461538463	3.0	0	1	0.7348446039750953
B3a	ans_mental_demand	grp-15	ses-20260319_grp-15_run01	P1	T2	178	3.8461538461538463	4.214285714285714	1	1	0.934269799380116
B3a	ans_mental_demand	grp-15	ses-20260319_grp-15_run01	P1	T3	179	3.8461538461538463	3.0	0	0	0.47758086614456025
B3a	ans_mental_demand	grp-15	ses-20260319_grp-15_run01	P1	T4	180	3.8461538461538463	3.0	0	1	0.894845388692752
B3a	ans_mental_demand	grp-15	ses-20260319_grp-15_run01	P2	T1	182	3.8461538461538463	3.2142857142857144	0	0	0.21718795195289753
B3a	ans_mental_demand	grp-15	ses-20260319_grp-15_run01	P2	T2	183	3.8461538461538463	5.0	1	1	0.621913498274717
B3a	ans_mental_demand	grp-15	ses-20260319_grp-15_run01	P2	T3	184	3.8461538461538463	3.4285714285714284	0	0	0.10488240087539483
B3a	ans_mental_demand	grp-15	ses-20260319_grp-15_run01	P3	T1	187	3.8461538461538463	3.4285714285714284	0	1	0.5353188124823357
B3a	ans_mental_demand	grp-15	ses-20260319_grp-15_run01	P3	T2	188	3.8461538461538463	4.923076923076923	1	1	0.9531815008900801
B3a	ans_mental_demand	grp-15	ses-20260319_grp-15_run01	P3	T3	189	3.8461538461538463	4.0	1	1	0.5609075860619576
B3a	ans_mental_demand	grp-15	ses-20260319_grp-15_run01	P4	T1	192	3.8461538461538463	3.8461538461538463	1	1	0.9033858973963793
B3a	ans_mental_demand	grp-15	ses-20260319_grp-15_run01	P4	T2	193	3.8461538461538463	4.6	1	1	0.9884214954798144
B3a	ans_mental_demand	grp-15	ses-20260319_grp-15_run01	P4	T3	194	3.8461538461538463	4.0	1	1	0.7407421561525537
B3b	ans_engagement	grp-07	ses-20260312_grp-07_run01	P1	T1	1	5.428571428571429	5.307692307692308	0	0	0.27189128279506214
B3b	ans_engagement	grp-07	ses-20260312_grp-07_run01	P1	T2	2	5.428571428571429	5.714285714285714	1	1	0.5877397505122899
B3b	ans_engagement	grp-07	ses-20260312_grp-07_run01	P1	T3	3	5.428571428571429	5.142857142857143	0	0	0.24461586972997879
B3b	ans_engagement	grp-07	ses-20260312_grp-07_run01	P1	T4	4	5.428571428571429	5.0	0	0	0.11947734748005738
B3b	ans_engagement	grp-07	ses-20260312_grp-07_run01	P2	T1	6	5.428571428571429	5.571428571428571	1	1	0.5389629388915818
B3b	ans_engagement	grp-07	ses-20260312_grp-07_run01	P2	T2	7	5.428571428571429	5.733333333333333	1	1	0.8666811205711498
B3b	ans_engagement	grp-07	ses-20260312_grp-07_run01	P2	T3	8	5.428571428571429	5.428571428571429	1	1	0.7736063369185094
B3b	ans_engagement	grp-07	ses-20260312_grp-07_run01	P3	T1	11	5.428571428571429	4.785714285714286	0	1	0.5786126489734793
B3b	ans_engagement	grp-07	ses-20260312_grp-07_run01	P3	T2	12	5.428571428571429	4.769230769230769	0	1	0.8618733750618056
B3b	ans_engagement	grp-07	ses-20260312_grp-07_run01	P3	T3	13	5.428571428571429	5.846153846153846	1	1	0.8672511644710119
B3b	ans_engagement	grp-07	ses-20260312_grp-07_run01	P4	T1	16	5.428571428571429	5.384615384615385	0	1	0.7590734305708214
B3b	ans_engagement	grp-07	ses-20260312_grp-07_run01	P4	T2	17	5.428571428571429	5.666666666666667	1	1	0.7260991807344778
B3b	ans_engagement	grp-07	ses-20260312_grp-07_run01	P4	T3	18	5.428571428571429	5.5	1	1	0.554712117195942
B3b	ans_engagement	grp-08	ses-20260313_grp-08_run01	P1	T1	21	5.428571428571429	5.307692307692308	0	1	0.6477340830814226
B3b	ans_engagement	grp-08	ses-20260313_grp-08_run01	P1	T2	22	5.428571428571429	5.714285714285714	1	1	0.8028591848773899
B3b	ans_engagement	grp-08	ses-20260313_grp-08_run01	P1	T3	23	5.428571428571429	5.142857142857143	0	1	0.7813580643248824
B3b	ans_engagement	grp-08	ses-20260313_grp-08_run01	P1	T4	24	5.428571428571429	5.0	0	0	0.2637256517194191
B3b	ans_engagement	grp-08	ses-20260313_grp-08_run01	P2	T1	26	5.428571428571429	5.571428571428571	1	1	0.663030630232104
B3b	ans_engagement	grp-08	ses-20260313_grp-08_run01	P2	T2	27	5.428571428571429	5.733333333333333	1	1	0.6830282991075389
B3b	ans_engagement	grp-08	ses-20260313_grp-08_run01	P2	T3	28	5.428571428571429	5.428571428571429	1	1	0.5608710950878376
B3b	ans_engagement	grp-08	ses-20260313_grp-08_run01	P3	T1	31	5.428571428571429	4.785714285714286	0	1	0.5368658675431052
B3b	ans_engagement	grp-08	ses-20260313_grp-08_run01	P3	T2	32	5.428571428571429	4.769230769230769	0	1	0.7154751293897402
B3b	ans_engagement	grp-08	ses-20260313_grp-08_run01	P3	T3	33	5.428571428571429	5.846153846153846	1	1	0.5687410356476209
B3b	ans_engagement	grp-08	ses-20260313_grp-08_run01	P4	T1	36	5.428571428571429	5.384615384615385	0	1	0.7493181712921972
B3b	ans_engagement	grp-08	ses-20260313_grp-08_run01	P4	T2	37	5.428571428571429	5.666666666666667	1	1	0.7945039012598932
B3b	ans_engagement	grp-08	ses-20260313_grp-08_run01	P4	T3	38	5.428571428571429	5.5	1	1	0.6661221260218648
B3b	ans_engagement	grp-09	ses-20260317_grp-09_run01	P1	T1	57	5.428571428571429	5.307692307692308	0	0	0.27621540547682155
B3b	ans_engagement	grp-09	ses-20260317_grp-09_run01	P1	T2	58	5.428571428571429	5.714285714285714	1	0	0.14954393514092112
B3b	ans_engagement	grp-09	ses-20260317_grp-09_run01	P1	T3	59	5.428571428571429	5.142857142857143	0	0	0.26623090088265833
B3b	ans_engagement	grp-09	ses-20260317_grp-09_run01	P1	T4	60	5.428571428571429	5.0	0	0	0.17143472204232732
B3b	ans_engagement	grp-09	ses-20260317_grp-09_run01	P2	T1	62	5.428571428571429	5.571428571428571	1	1	0.5983516190884791
B3b	ans_engagement	grp-09	ses-20260317_grp-09_run01	P2	T2	63	5.428571428571429	5.733333333333333	1	1	0.7245547429443844
B3b	ans_engagement	grp-09	ses-20260317_grp-09_run01	P2	T3	64	5.428571428571429	5.428571428571429	1	0	0.47629528335882854
B3b	ans_engagement	grp-09	ses-20260317_grp-09_run01	P3	T1	67	5.428571428571429	4.785714285714286	0	1	0.9961346244193778
B3b	ans_engagement	grp-09	ses-20260317_grp-09_run01	P3	T2	68	5.428571428571429	4.769230769230769	0	1	0.6054323488370456
B3b	ans_engagement	grp-09	ses-20260317_grp-09_run01	P3	T3	69	5.428571428571429	5.846153846153846	1	1	0.7632964955296382
B3b	ans_engagement	grp-09	ses-20260317_grp-09_run01	P4	T1	72	5.428571428571429	5.384615384615385	0	1	0.6744105498585935
B3b	ans_engagement	grp-09	ses-20260317_grp-09_run01	P4	T2	73	5.428571428571429	5.666666666666667	1	0	0.2806808575477219
B3b	ans_engagement	grp-09	ses-20260317_grp-09_run01	P4	T3	74	5.428571428571429	5.5	1	0	0.2281058236911235
B3b	ans_engagement	grp-10	ses-20260317_grp-10_run01	P1	T1	77	5.428571428571429	5.307692307692308	0	1	0.6988828615087456
B3b	ans_engagement	grp-10	ses-20260317_grp-10_run01	P1	T2	78	5.428571428571429	5.714285714285714	1	1	0.6225425427879943
B3b	ans_engagement	grp-10	ses-20260317_grp-10_run01	P1	T3	79	5.428571428571429	5.142857142857143	0	0	0.2696577541216845
B3b	ans_engagement	grp-10	ses-20260317_grp-10_run01	P1	T4	80	5.428571428571429	5.0	0	0	0.13893545577664182
B3b	ans_engagement	grp-10	ses-20260317_grp-10_run01	P2	T1	82	5.428571428571429	5.571428571428571	1	1	0.7619916085094866
B3b	ans_engagement	grp-10	ses-20260317_grp-10_run01	P2	T2	83	5.428571428571429	5.733333333333333	1	1	0.8021928319537622
B3b	ans_engagement	grp-10	ses-20260317_grp-10_run01	P2	T3	84	5.428571428571429	5.428571428571429	1	1	0.7151555579455701
B3b	ans_engagement	grp-10	ses-20260317_grp-10_run01	P3	T1	87	5.428571428571429	4.785714285714286	0	0	0.2519018976158254
B3b	ans_engagement	grp-10	ses-20260317_grp-10_run01	P3	T2	88	5.428571428571429	4.769230769230769	0	0	0.30845220353401454
B3b	ans_engagement	grp-10	ses-20260317_grp-10_run01	P3	T3	89	5.428571428571429	5.846153846153846	1	0	0.170493424195205
B3b	ans_engagement	grp-10	ses-20260317_grp-10_run01	P4	T1	92	5.428571428571429	5.384615384615385	0	1	0.5605836395887421
B3b	ans_engagement	grp-10	ses-20260317_grp-10_run01	P4	T2	93	5.428571428571429	5.666666666666667	1	1	0.7016058260322894
B3b	ans_engagement	grp-10	ses-20260317_grp-10_run01	P4	T3	94	5.428571428571429	5.5	1	0	0.4290543872675985
B3b	ans_engagement	grp-12	ses-20260318_grp-12_run01	P1	T1	117	5.428571428571429	5.307692307692308	0	0	0.3968682951476676
B3b	ans_engagement	grp-12	ses-20260318_grp-12_run01	P1	T2	118	5.428571428571429	5.714285714285714	1	1	0.565099411878628
B3b	ans_engagement	grp-12	ses-20260318_grp-12_run01	P2	T1	122	5.428571428571429	5.571428571428571	1	1	0.9478302786495144
B3b	ans_engagement	grp-12	ses-20260318_grp-12_run01	P2	T2	123	5.428571428571429	5.733333333333333	1	1	0.9843682620704045
B3b	ans_engagement	grp-12	ses-20260318_grp-12_run01	P3	T1	127	5.428571428571429	4.785714285714286	0	1	0.8924346426575782
B3b	ans_engagement	grp-12	ses-20260318_grp-12_run01	P3	T2	128	5.428571428571429	4.769230769230769	0	1	0.9306870036822024
B3b	ans_engagement	grp-12	ses-20260318_grp-12_run01	P4	T1	132	5.428571428571429	5.384615384615385	0	1	0.6991786191336385
B3b	ans_engagement	grp-12	ses-20260318_grp-12_run01	P4	T2	133	5.428571428571429	5.666666666666667	1	1	0.7196616646802322
B3b	ans_engagement	grp-13	ses-20260318_grp-13_run01	P1	T1	137	5.428571428571429	5.307692307692308	0	1	0.5743385496614185
B3b	ans_engagement	grp-13	ses-20260318_grp-13_run01	P1	T2	138	5.428571428571429	5.714285714285714	1	1	0.8153025684879209
B3b	ans_engagement	grp-13	ses-20260318_grp-13_run01	P1	T3	139	5.428571428571429	5.142857142857143	0	1	0.6609116236263941
B3b	ans_engagement	grp-13	ses-20260318_grp-13_run01	P1	T4	140	5.428571428571429	5.0	0	1	0.7091129601441983
B3b	ans_engagement	grp-13	ses-20260318_grp-13_run01	P2	T1	142	5.428571428571429	5.571428571428571	1	1	0.6488827740027059
B3b	ans_engagement	grp-13	ses-20260318_grp-13_run01	P2	T2	143	5.428571428571429	5.733333333333333	1	0	0.49848804546696857
B3b	ans_engagement	grp-13	ses-20260318_grp-13_run01	P2	T3	144	5.428571428571429	5.428571428571429	1	1	0.6383963925439534
B3b	ans_engagement	grp-13	ses-20260318_grp-13_run01	P3	T1	147	5.428571428571429	4.785714285714286	0	0	0.4859339424252132
B3b	ans_engagement	grp-13	ses-20260318_grp-13_run01	P3	T2	148	5.428571428571429	4.769230769230769	0	1	0.8650508694079648
B3b	ans_engagement	grp-13	ses-20260318_grp-13_run01	P3	T3	149	5.428571428571429	5.846153846153846	1	1	0.6998426114462587
B3b	ans_engagement	grp-13	ses-20260318_grp-13_run01	P4	T1	152	5.428571428571429	5.384615384615385	0	1	0.7412925997757516
B3b	ans_engagement	grp-13	ses-20260318_grp-13_run01	P4	T2	153	5.428571428571429	5.666666666666667	1	1	0.7551761014014464
B3b	ans_engagement	grp-13	ses-20260318_grp-13_run01	P4	T3	154	5.428571428571429	5.5	1	1	0.7562905254325699
B3b	ans_engagement	grp-14	ses-20260319_grp-14_run01	P1	T1	157	5.428571428571429	5.307692307692308	0	0	0.11094749003651629
B3b	ans_engagement	grp-14	ses-20260319_grp-14_run01	P1	T2	158	5.428571428571429	5.714285714285714	1	0	0.3614506686971382
B3b	ans_engagement	grp-14	ses-20260319_grp-14_run01	P1	T3	159	5.428571428571429	5.142857142857143	0	0	0.09689218219864412
B3b	ans_engagement	grp-14	ses-20260319_grp-14_run01	P1	T4	160	5.428571428571429	5.0	0	0	0.31765811670067035
B3b	ans_engagement	grp-14	ses-20260319_grp-14_run01	P2	T1	162	5.428571428571429	5.571428571428571	1	0	0.09873378076032882
B3b	ans_engagement	grp-14	ses-20260319_grp-14_run01	P2	T2	163	5.428571428571429	5.733333333333333	1	0	0.22127187890892056
B3b	ans_engagement	grp-14	ses-20260319_grp-14_run01	P2	T3	164	5.428571428571429	5.428571428571429	1	0	0.0320495024321165
B3b	ans_engagement	grp-14	ses-20260319_grp-14_run01	P3	T1	167	5.428571428571429	4.785714285714286	0	0	0.1805441799523102
B3b	ans_engagement	grp-14	ses-20260319_grp-14_run01	P3	T2	168	5.428571428571429	4.769230769230769	0	0	0.31978580253538424
B3b	ans_engagement	grp-14	ses-20260319_grp-14_run01	P3	T3	169	5.428571428571429	5.846153846153846	1	0	0.09535649982669858
B3b	ans_engagement	grp-14	ses-20260319_grp-14_run01	P4	T1	172	5.428571428571429	5.384615384615385	0	0	0.22017488862611762
B3b	ans_engagement	grp-14	ses-20260319_grp-14_run01	P4	T2	173	5.428571428571429	5.666666666666667	1	0	0.41656841846381454
B3b	ans_engagement	grp-14	ses-20260319_grp-14_run01	P4	T3	174	5.428571428571429	5.5	1	0	0.25825160321680024
B3b	ans_engagement	grp-15	ses-20260319_grp-15_run01	P1	T1	177	5.428571428571429	5.307692307692308	0	0	0.15607390494992693
B3b	ans_engagement	grp-15	ses-20260319_grp-15_run01	P1	T2	178	5.428571428571429	5.714285714285714	1	1	0.5249249122160637
B3b	ans_engagement	grp-15	ses-20260319_grp-15_run01	P1	T3	179	5.428571428571429	5.142857142857143	0	0	0.19696662531537554
B3b	ans_engagement	grp-15	ses-20260319_grp-15_run01	P1	T4	180	5.428571428571429	5.0	0	0	0.07009466920384072
B3b	ans_engagement	grp-15	ses-20260319_grp-15_run01	P2	T1	182	5.428571428571429	5.571428571428571	1	0	0.31148788345643746
B3b	ans_engagement	grp-15	ses-20260319_grp-15_run01	P2	T2	183	5.428571428571429	5.733333333333333	1	1	0.8199361691569972
B3b	ans_engagement	grp-15	ses-20260319_grp-15_run01	P2	T3	184	5.428571428571429	5.428571428571429	1	0	0.22875441600547872
B3b	ans_engagement	grp-15	ses-20260319_grp-15_run01	P3	T1	187	5.428571428571429	4.785714285714286	0	0	0.3973130349436975
B3b	ans_engagement	grp-15	ses-20260319_grp-15_run01	P3	T2	188	5.428571428571429	4.769230769230769	0	1	0.7070264509546677
B3b	ans_engagement	grp-15	ses-20260319_grp-15_run01	P3	T3	189	5.428571428571429	5.846153846153846	1	0	0.282053981680019
B3b	ans_engagement	grp-15	ses-20260319_grp-15_run01	P4	T1	192	5.428571428571429	5.384615384615385	0	1	0.8168154648707923
B3b	ans_engagement	grp-15	ses-20260319_grp-15_run01	P4	T2	193	5.428571428571429	5.666666666666667	1	1	0.938841477227262
B3b	ans_engagement	grp-15	ses-20260319_grp-15_run01	P4	T3	194	5.428571428571429	5.5	1	1	0.6137236586527818
B3c	ans_satisfaction	grp-07	ses-20260312_grp-07_run01	P1	T2	2	5.4	5.285714285714286	0	0	0.20112096068905677
B3c	ans_satisfaction	grp-07	ses-20260312_grp-07_run01	P1	T3	3	5.4	6.142857142857143	1	0	0.31757028344295785
B3c	ans_satisfaction	grp-07	ses-20260312_grp-07_run01	P2	T2	7	5.4	5.4	1	0	0.1560465519792715
B3c	ans_satisfaction	grp-07	ses-20260312_grp-07_run01	P2	T3	8	5.4	5.769230769230769	1	1	0.616380993779121
B3c	ans_satisfaction	grp-07	ses-20260312_grp-07_run01	P3	T2	12	5.4	4.642857142857143	0	0	0.4055024124331534
B3c	ans_satisfaction	grp-07	ses-20260312_grp-07_run01	P3	T3	13	5.4	6.428571428571429	1	1	0.6869326994794303
B3c	ans_satisfaction	grp-07	ses-20260312_grp-07_run01	P4	T2	17	5.4	5.133333333333334	0	1	0.517752555168956
B3c	ans_satisfaction	grp-07	ses-20260312_grp-07_run01	P4	T3	18	5.4	6.071428571428571	1	1	0.6500793828288132
B3c	ans_satisfaction	grp-08	ses-20260313_grp-08_run01	P1	T2	22	5.4	5.285714285714286	0	1	0.5104064624251426
B3c	ans_satisfaction	grp-08	ses-20260313_grp-08_run01	P1	T3	23	5.4	6.142857142857143	1	1	0.9969082776194675
B3c	ans_satisfaction	grp-08	ses-20260313_grp-08_run01	P2	T2	27	5.4	5.4	1	0	0.26535529840138294
B3c	ans_satisfaction	grp-08	ses-20260313_grp-08_run01	P2	T3	28	5.4	5.769230769230769	1	1	0.9689359530576331
B3c	ans_satisfaction	grp-08	ses-20260313_grp-08_run01	P3	T2	32	5.4	4.642857142857143	0	1	0.5670603376708327
B3c	ans_satisfaction	grp-08	ses-20260313_grp-08_run01	P3	T3	33	5.4	6.428571428571429	1	1	0.9935554325722178
B3c	ans_satisfaction	grp-08	ses-20260313_grp-08_run01	P4	T2	37	5.4	5.133333333333334	0	0	0.364353364670904
B3c	ans_satisfaction	grp-08	ses-20260313_grp-08_run01	P4	T3	38	5.4	6.071428571428571	1	1	0.9872993046147115
B3c	ans_satisfaction	grp-09	ses-20260317_grp-09_run01	P1	T2	58	5.4	5.285714285714286	0	1	0.6091166091503065
B3c	ans_satisfaction	grp-09	ses-20260317_grp-09_run01	P1	T3	59	5.4	6.142857142857143	1	1	0.5117643496879424
B3c	ans_satisfaction	grp-09	ses-20260317_grp-09_run01	P2	T2	63	5.4	5.4	1	1	0.5038639732424073
B3c	ans_satisfaction	grp-09	ses-20260317_grp-09_run01	P2	T3	64	5.4	5.769230769230769	1	1	0.9122826148523454
B3c	ans_satisfaction	grp-09	ses-20260317_grp-09_run01	P3	T2	68	5.4	4.642857142857143	0	1	0.6367594137696756
B3c	ans_satisfaction	grp-09	ses-20260317_grp-09_run01	P3	T3	69	5.4	6.428571428571429	1	1	0.7070243038849264
B3c	ans_satisfaction	grp-09	ses-20260317_grp-09_run01	P4	T2	73	5.4	5.133333333333334	0	0	0.47954525053561653
B3c	ans_satisfaction	grp-09	ses-20260317_grp-09_run01	P4	T3	74	5.4	6.071428571428571	1	1	0.7148818823337302
B3c	ans_satisfaction	grp-10	ses-20260317_grp-10_run01	P1	T2	78	5.4	5.285714285714286	0	0	0.26290412145026615
B3c	ans_satisfaction	grp-10	ses-20260317_grp-10_run01	P1	T3	79	5.4	6.142857142857143	1	0	0.48182187321747805
B3c	ans_satisfaction	grp-10	ses-20260317_grp-10_run01	P2	T2	83	5.4	5.4	1	1	0.6058693798464919
B3c	ans_satisfaction	grp-10	ses-20260317_grp-10_run01	P2	T3	84	5.4	5.769230769230769	1	1	0.7210602935252651
B3c	ans_satisfaction	grp-10	ses-20260317_grp-10_run01	P3	T2	88	5.4	4.642857142857143	0	0	0.08538009523540872
B3c	ans_satisfaction	grp-10	ses-20260317_grp-10_run01	P3	T3	89	5.4	6.428571428571429	1	1	0.559167737289973
B3c	ans_satisfaction	grp-10	ses-20260317_grp-10_run01	P4	T2	93	5.4	5.133333333333334	0	1	0.5902631171040639
B3c	ans_satisfaction	grp-10	ses-20260317_grp-10_run01	P4	T3	94	5.4	6.071428571428571	1	0	0.4222194295551017
B3c	ans_satisfaction	grp-12	ses-20260318_grp-12_run01	P1	T2	118	5.584615384615384	5.285714285714286	0	0	0.012691510286503263
B3c	ans_satisfaction	grp-12	ses-20260318_grp-12_run01	P2	T2	123	5.584615384615384	5.4	0	0	0.003003081700778767
B3c	ans_satisfaction	grp-12	ses-20260318_grp-12_run01	P3	T2	128	5.584615384615384	4.642857142857143	0	0	0.014470947434008313
B3c	ans_satisfaction	grp-12	ses-20260318_grp-12_run01	P4	T2	133	5.584615384615384	5.133333333333334	0	0	0.07066155339888232
B3c	ans_satisfaction	grp-13	ses-20260318_grp-13_run01	P1	T2	138	5.4	5.285714285714286	0	1	0.6802546971800781
B3c	ans_satisfaction	grp-13	ses-20260318_grp-13_run01	P1	T3	139	5.4	6.142857142857143	1	0	0.27352260576352116
B3c	ans_satisfaction	grp-13	ses-20260318_grp-13_run01	P2	T2	143	5.4	5.4	1	1	0.8031724563803019
B3c	ans_satisfaction	grp-13	ses-20260318_grp-13_run01	P2	T3	144	5.4	5.769230769230769	1	0	0.49258424393889344
B3c	ans_satisfaction	grp-13	ses-20260318_grp-13_run01	P3	T2	148	5.4	4.642857142857143	0	0	0.13855152877069643
B3c	ans_satisfaction	grp-13	ses-20260318_grp-13_run01	P3	T3	149	5.4	6.428571428571429	1	0	0.2653312366541446
B3c	ans_satisfaction	grp-13	ses-20260318_grp-13_run01	P4	T2	153	5.4	5.133333333333334	0	1	0.727858829673132
B3c	ans_satisfaction	grp-13	ses-20260318_grp-13_run01	P4	T3	154	5.4	6.071428571428571	1	0	0.08941306817692117
B3c	ans_satisfaction	grp-14	ses-20260319_grp-14_run01	P1	T2	158	5.4	5.285714285714286	0	1	0.9322999362056393
B3c	ans_satisfaction	grp-14	ses-20260319_grp-14_run01	P1	T3	159	5.4	6.142857142857143	1	1	0.9849464245391937
B3c	ans_satisfaction	grp-14	ses-20260319_grp-14_run01	P2	T2	163	5.4	5.4	1	1	0.9037158204901943
B3c	ans_satisfaction	grp-14	ses-20260319_grp-14_run01	P2	T3	164	5.4	5.769230769230769	1	1	0.988830290998682
B3c	ans_satisfaction	grp-14	ses-20260319_grp-14_run01	P3	T2	168	5.4	4.642857142857143	0	1	0.8072384155072493
B3c	ans_satisfaction	grp-14	ses-20260319_grp-14_run01	P3	T3	169	5.4	6.428571428571429	1	1	0.9894919833975055
B3c	ans_satisfaction	grp-14	ses-20260319_grp-14_run01	P4	T2	173	5.4	5.133333333333334	0	1	0.9118179595745307
B3c	ans_satisfaction	grp-14	ses-20260319_grp-14_run01	P4	T3	174	5.4	6.071428571428571	1	1	0.9959106343898184
B3c	ans_satisfaction	grp-15	ses-20260319_grp-15_run01	P1	T2	178	5.4	5.285714285714286	0	0	0.029920458572351784
B3c	ans_satisfaction	grp-15	ses-20260319_grp-15_run01	P1	T3	179	5.4	6.142857142857143	1	1	0.7356503556014725
B3c	ans_satisfaction	grp-15	ses-20260319_grp-15_run01	P2	T2	183	5.4	5.4	1	0	0.3356367995109857
B3c	ans_satisfaction	grp-15	ses-20260319_grp-15_run01	P2	T3	184	5.4	5.769230769230769	1	1	0.9732001302379251
B3c	ans_satisfaction	grp-15	ses-20260319_grp-15_run01	P3	T2	188	5.4	4.642857142857143	0	0	0.17466421981579597
B3c	ans_satisfaction	grp-15	ses-20260319_grp-15_run01	P3	T3	189	5.4	6.428571428571429	1	1	0.9488825663879528
B3c	ans_satisfaction	grp-15	ses-20260319_grp-15_run01	P4	T2	193	5.4	5.133333333333334	0	0	0.3954498045691087
B3c	ans_satisfaction	grp-15	ses-20260319_grp-15_run01	P4	T3	194	5.4	6.071428571428571	1	1	0.9899687461176139
B3d	trust_mean	grp-07	ses-20260312_grp-07_run01	P1	T2	2	5.226984126984127	4.866666666666666	0	0	0.05250752184234896
B3d	trust_mean	grp-07	ses-20260312_grp-07_run01	P1	T4	4	5.226984126984127	4.955555555555556	0	0	0.0005133194866800107
B3d	trust_mean	grp-07	ses-20260312_grp-07_run01	P2	T2	7	5.226984126984127	5.311111111111111	1	1	0.5994828321680019
B3d	trust_mean	grp-07	ses-20260312_grp-07_run01	P2	T4	9	5.226984126984127	6.136507936507937	1	0	0.04461926429249728
B3d	trust_mean	grp-07	ses-20260312_grp-07_run01	P3	T2	12	5.226984126984127	5.142857142857143	0	0	0.2908230625118067
B3d	trust_mean	grp-07	ses-20260312_grp-07_run01	P3	T4	14	5.226984126984127	4.8809523809523805	0	0	0.2301583635943011
B3d	trust_mean	grp-07	ses-20260312_grp-07_run01	P4	T2	17	5.226984126984127	5.311111111111111	1	1	0.6208927751573576
B3d	trust_mean	grp-07	ses-20260312_grp-07_run01	P4	T4	19	5.226984126984127	5.577777777777777	1	1	0.5073422123073179
B3d	trust_mean	grp-08	ses-20260313_grp-08_run01	P1	T2	22	5.226984126984127	4.866666666666666	0	1	0.8023112034734787
B3d	trust_mean	grp-08	ses-20260313_grp-08_run01	P1	T4	24	5.226984126984127	4.955555555555556	0	1	0.7204119178964953
B3d	trust_mean	grp-08	ses-20260313_grp-08_run01	P2	T2	27	5.226984126984127	5.311111111111111	1	1	0.5783079487882136
B3d	trust_mean	grp-08	ses-20260313_grp-08_run01	P2	T4	29	5.226984126984127	6.136507936507937	1	1	0.6690636470272071
B3d	trust_mean	grp-08	ses-20260313_grp-08_run01	P3	T2	32	5.226984126984127	5.142857142857143	0	1	0.6730298649677966
B3d	trust_mean	grp-08	ses-20260313_grp-08_run01	P3	T4	34	5.226984126984127	4.8809523809523805	0	1	0.766401209529209
B3d	trust_mean	grp-08	ses-20260313_grp-08_run01	P4	T2	37	5.226984126984127	5.311111111111111	1	1	0.5816145325347143
B3d	trust_mean	grp-08	ses-20260313_grp-08_run01	P4	T4	39	5.226984126984127	5.577777777777777	1	1	0.9809111268966465
B3d	trust_mean	grp-09	ses-20260317_grp-09_run01	P1	T2	58	5.226984126984127	4.866666666666666	0	0	0.23666573354421885
B3d	trust_mean	grp-09	ses-20260317_grp-09_run01	P1	T4	60	5.226984126984127	4.955555555555556	0	0	0.3405311141078123
B3d	trust_mean	grp-09	ses-20260317_grp-09_run01	P2	T2	63	5.226984126984127	5.311111111111111	1	0	0.44418307930081574
B3d	trust_mean	grp-09	ses-20260317_grp-09_run01	P2	T4	65	5.226984126984127	6.136507936507937	1	1	0.7235092855999572
B3d	trust_mean	grp-09	ses-20260317_grp-09_run01	P3	T2	68	5.226984126984127	5.142857142857143	0	1	0.514072840799988
B3d	trust_mean	grp-09	ses-20260317_grp-09_run01	P3	T4	70	5.226984126984127	4.8809523809523805	0	0	0.44040459537092885
B3d	trust_mean	grp-09	ses-20260317_grp-09_run01	P4	T2	73	5.226984126984127	5.311111111111111	1	1	0.7492966727390055
B3d	trust_mean	grp-09	ses-20260317_grp-09_run01	P4	T4	75	5.226984126984127	5.577777777777777	1	1	0.7398963548853893
B3d	trust_mean	grp-10	ses-20260317_grp-10_run01	P1	T2	78	5.226984126984127	4.866666666666666	0	0	0.4223353936325487
B3d	trust_mean	grp-10	ses-20260317_grp-10_run01	P1	T4	80	5.226984126984127	4.955555555555556	0	0	0.18168418617868318
B3d	trust_mean	grp-10	ses-20260317_grp-10_run01	P2	T2	83	5.226984126984127	5.311111111111111	1	1	0.8929415207494232
B3d	trust_mean	grp-10	ses-20260317_grp-10_run01	P2	T4	85	5.226984126984127	6.136507936507937	1	1	0.831716201368281
B3d	trust_mean	grp-10	ses-20260317_grp-10_run01	P3	T2	88	5.226984126984127	5.142857142857143	0	0	0.06809860378815406
B3d	trust_mean	grp-10	ses-20260317_grp-10_run01	P3	T4	90	5.226984126984127	4.8809523809523805	0	0	0.2998404136812067
B3d	trust_mean	grp-10	ses-20260317_grp-10_run01	P4	T2	93	5.226984126984127	5.311111111111111	1	1	0.9396341549610394
B3d	trust_mean	grp-10	ses-20260317_grp-10_run01	P4	T4	95	5.226984126984127	5.577777777777777	1	0	0.13918777794928805
B3d	trust_mean	grp-12	ses-20260318_grp-12_run01	P1	T2	118	5.226984126984127	4.866666666666666	0	1	0.8806422443962248
B3d	trust_mean	grp-12	ses-20260318_grp-12_run01	P2	T2	123	5.226984126984127	5.311111111111111	1	1	0.996798588491251
B3d	trust_mean	grp-12	ses-20260318_grp-12_run01	P3	T2	128	5.226984126984127	5.142857142857143	0	0	0.2992250071251075
B3d	trust_mean	grp-12	ses-20260318_grp-12_run01	P4	T2	133	5.226984126984127	5.311111111111111	1	0	0.3541942193553247
B3d	trust_mean	grp-13	ses-20260318_grp-13_run01	P1	T2	138	5.226984126984127	4.866666666666666	0	0	0.46638881634207674
B3d	trust_mean	grp-13	ses-20260318_grp-13_run01	P1	T4	140	5.226984126984127	4.955555555555556	0	1	0.5495598740854771
B3d	trust_mean	grp-13	ses-20260318_grp-13_run01	P2	T2	143	5.226984126984127	5.311111111111111	1	0	0.4316445237312949
B3d	trust_mean	grp-13	ses-20260318_grp-13_run01	P2	T4	145	5.226984126984127	6.136507936507937	1	1	0.7549347725862712
B3d	trust_mean	grp-13	ses-20260318_grp-13_run01	P3	T2	148	5.226984126984127	5.142857142857143	0	1	0.8692593058556443
B3d	trust_mean	grp-13	ses-20260318_grp-13_run01	P3	T4	150	5.226984126984127	4.8809523809523805	0	1	0.8229571664005357
B3d	trust_mean	grp-13	ses-20260318_grp-13_run01	P4	T2	153	5.226984126984127	5.311111111111111	1	1	0.7635970733332882
B3d	trust_mean	grp-13	ses-20260318_grp-13_run01	P4	T4	155	5.226984126984127	5.577777777777777	1	1	0.67131321892121
B3d	trust_mean	grp-14	ses-20260319_grp-14_run01	P1	T2	158	5.226984126984127	4.866666666666666	0	0	0.4012150236270232
B3d	trust_mean	grp-14	ses-20260319_grp-14_run01	P1	T4	160	5.226984126984127	4.955555555555556	0	1	0.8348687278316747
B3d	trust_mean	grp-14	ses-20260319_grp-14_run01	P2	T2	163	5.226984126984127	5.311111111111111	1	1	0.860994228201062
B3d	trust_mean	grp-14	ses-20260319_grp-14_run01	P2	T4	165	5.226984126984127	6.136507936507937	1	1	0.843752228601356
B3d	trust_mean	grp-14	ses-20260319_grp-14_run01	P3	T2	168	5.226984126984127	5.142857142857143	0	0	0.004390467704443271
B3d	trust_mean	grp-14	ses-20260319_grp-14_run01	P3	T4	170	5.226984126984127	4.8809523809523805	0	0	0.00372299150623774
B3d	trust_mean	grp-14	ses-20260319_grp-14_run01	P4	T2	173	5.226984126984127	5.311111111111111	1	1	0.7194488189705157
B3d	trust_mean	grp-14	ses-20260319_grp-14_run01	P4	T4	175	5.226984126984127	5.577777777777777	1	0	0.44465311121416506
B3d	trust_mean	grp-15	ses-20260319_grp-15_run01	P1	T2	178	5.226984126984127	4.866666666666666	0	0	0.03656675387583491
B3d	trust_mean	grp-15	ses-20260319_grp-15_run01	P1	T4	180	5.226984126984127	4.955555555555556	0	0	0.005122271770072919
B3d	trust_mean	grp-15	ses-20260319_grp-15_run01	P2	T2	183	5.226984126984127	5.311111111111111	1	1	0.6049723420889928
B3d	trust_mean	grp-15	ses-20260319_grp-15_run01	P2	T4	185	5.226984126984127	6.136507936507937	1	1	0.8621416181422936
B3d	trust_mean	grp-15	ses-20260319_grp-15_run01	P3	T2	188	5.226984126984127	5.142857142857143	0	0	0.4966453447883367
B3d	trust_mean	grp-15	ses-20260319_grp-15_run01	P3	T4	190	5.226984126984127	4.8809523809523805	0	0	0.2892324996853601
B3d	trust_mean	grp-15	ses-20260319_grp-15_run01	P4	T2	193	5.226984126984127	5.311111111111111	1	1	0.9638717724677817
B3d	trust_mean	grp-15	ses-20260319_grp-15_run01	P4	T4	195	5.226984126984127	5.577777777777777	1	1	0.997376133754902
